Date;Open*;High;Low;Close**;Volume;Market Cap
Oct 08, 2022;1,332.37;1,335.95;1,307.07;1,315.50;5,804,676,208;161,427,190,438
Oct 07, 2022;1,351.84;1,359.33;1,321.75;1,332.52;10,061,619,355;163,496,205,911
Oct 06, 2022;1,352.81;1,380.40;1,349.45;1,351.71;12,033,514,861;165,831,763,020
Oct 05, 2022;1,361.97;1,362.45;1,320.86;1,352.84;9,774,451,820;165,950,737,480
Oct 04, 2022;1,323.28;1,364.97;1,320.08;1,362.13;10,139,774,963;167,070,804,931
Oct 03, 2022;1,276.16;1,326.55;1,271.15;1,323.44;10,153,070,907;162,306,742,246
Oct 02, 2022;1,311.75;1,316.33;1,275.34;1,276.09;7,578,351,650;156,481,992,825
Oct 01, 2022;1,328.19;1,332.52;1,306.10;1,311.64;6,227,961,237;160,822,630,103
Sep 30, 2022;1,335.65;1,368.74;1,320.38;1,327.98;14,250,100,093;162,806,430,081
Sep 29, 2022;1,337.55;1,348.11;1,293.19;1,335.65;13,796,915,736;163,728,077,713
Sep 28, 2022;1,329.54;1,351.96;1,267.87;1,337.41;18,994,979,566;163,924,504,661
Sep 27, 2022;1,335.34;1,396.89;1,308.99;1,330.13;17,870,598,937;163,012,762,381
Sep 26, 2022;1,294.39;1,335.53;1,282.05;1,335.32;16,034,549,271;163,630,053,852
Sep 25, 2022;1,317.94;1,333.37;1,275.63;1,294.22;11,802,651,633;158,574,740,489
Sep 24, 2022;1,328.24;1,346.26;1,312.64;1,317.99;12,098,209,717;161,469,074,852
Sep 23, 2022;1,327.48;1,353.29;1,270.20;1,328.26;18,771,106,339;162,707,764,850
Sep 22, 2022;1,251.57;1,336.16;1,240.97;1,327.68;18,461,527,259;162,617,761,176
Sep 21, 2022;1,324.22;1,384.48;1,229.43;1,252.61;20,643,507,800;153,404,799,858
Sep 20, 2022;1,377.62;1,381.97;1,319.20;1,324.39;14,722,317,220;162,176,944,253
Sep 19, 2022;1,335.27;1,388.27;1,287.42;1,377.54;18,712,714,223;168,666,096,121
Sep 18, 2022;1,469.71;1,469.71;1,331.49;1,335.33;15,762,284,723;163,478,613,612
Sep 17, 2022;1,432.88;1,473.06;1,415.04;1,469.74;10,798,098,671;179,913,195,987
Sep 16, 2022;1,471.93;1,480.56;1,415.58;1,432.45;16,764,804,299;175,325,880,263
Sep 15, 2022;1,635.08;1,648.95;1,466.14;1,471.69;26,946,275,878;180,110,291,828
Sep 14, 2022;1,574.86;1,642.16;1,564.03;1,634.76;17,897,150,206;200,044,200,374
Sep 13, 2022;1,713.96;1,745.78;1,564.03;1,580.79;23,066,821,734;193,422,316,198
Sep 12, 2022;1,762.08;1,778.16;1,698.29;1,713.77;17,688,391,310;209,669,571,068
Sep 11, 2022;1,775.98;1,782.73;1,730.16;1,761.80;12,464,301,922;215,523,920,726
Sep 10, 2022;1,718.96;1,784.50;1,710.30;1,776.20;13,130,928,217;217,263,495,408
Sep 09, 2022;1,635.19;1,735.81;1,632.84;1,719.09;20,242,323,690;210,255,158,290
Sep 08, 2022;1,629.81;1,655.06;1,603.06;1,635.35;17,621,046,717;199,992,630,006
Sep 07, 2022;1,560.91;1,651.05;1,500.01;1,629.91;19,560,363,854;199,305,881,390
Sep 06, 2022;1,617.24;1,680.60;1,561.75;1,561.75;22,946,059,125;190,949,580,969
Sep 05, 2022;1,577.88;1,621.66;1,559.78;1,617.18;13,060,541,168;197,707,916,936
Sep 04, 2022;1,556.90;1,578.01;1,543.70;1,577.64;8,884,144,998;192,853,381,586
Sep 03, 2022;1,577.21;1,579.45;1,541.67;1,556.87;9,516,825,994;190,294,120,192
Sep 02, 2022;1,586.02;1,643.18;1,551.88;1,577.22;17,708,478,709;192,760,741,606
Sep 01, 2022;1,553.76;1,593.08;1,520.19;1,586.18;16,434,276,817;193,834,454,492
Aug 31, 2022;1,524.29;1,612.36;1,524.29;1,553.68;20,591,680,941;189,843,590,076
Aug 30, 2022;1,553.19;1,600.46;1,480.83;1,523.84;21,835,784,470;186,176,738,543
Aug 29, 2022;1,430.44;1,556.31;1,427.73;1,553.04;17,965,837,488;189,722,196,186
Aug 28, 2022;1,491.21;1,505.79;1,430.55;1,430.55;12,823,572,918;174,741,315,285
Aug 27, 2022;1,508.16;1,517.15;1,454.28;1,491.40;18,120,831,899;182,154,372,411
Aug 26, 2022;1,696.32;1,698.56;1,498.77;1,507.78;26,713,710,143;184,136,247,398
Aug 25, 2022;1,657.34;1,718.18;1,656.86;1,696.46;14,818,795,695;207,155,539,271
Aug 24, 2022;1,662.70;1,686.56;1,610.10;1,657.06;16,780,932,907;202,323,303,041
Aug 23, 2022;1,622.94;1,666.68;1,569.43;1,662.77;18,322,041,914;202,998,758,195
Aug 22, 2022;1,619.17;1,622.78;1,535.01;1,622.51;18,557,078,599;198,061,389,785
Aug 20, 2022;1,612.65;1,652.22;1,534.30;1,577.00;18,334,580,263;192,465,075,466
Aug 19, 2022;1,847.10;1,847.10;1,611.34;1,612.99;25,906,358,731;196,835,222,643
Aug 18, 2022;1,833.72;1,876.38;1,826.96;1,847.01;14,999,352,229;225,368,717,991
Aug 17, 2022;1,877.93;1,951.68;1,823.53;1,833.00;20,308,508,124;223,635,240,252
Aug 16, 2022;1,902.83;1,910.75;1,862.27;1,878.14;15,637,578,930;229,117,813,779
Aug 15, 2022;1,936.76;2,007.21;1,881.86;1,904.23;20,349,931,313;232,274,942,657
Aug 14, 2022;1,981.78;2,022.79;1,919.01;1,936.80;14,062,754,456;236,222,871,624
Aug 13, 2022;1,957.33;2,013.76;1,948.60;1,981.34;16,038,975,216;241,628,050,424
Aug 12, 2022;1,880.90;1,957.55;1,860.08;1,957.25;17,168,141,904;238,664,195,002
Aug 11, 2022;1,851.83;1,927.94;1,851.83;1,881.22;23,826,986,482;229,369,148,921
Aug 10, 2022;1,702.91;1,869.40;1,665.09;1,851.74;23,512,477,984;225,750,054,993
Aug 09, 2022;1,776.07;1,786.12;1,675.85;1,703.03;16,368,619,692;207,597,034,307
Aug 08, 2022;1,699.69;1,806.89;1,697.41;1,775.52;16,841,424,404;216,409,762,110
Aug 07, 2022;1,691.78;1,724.79;1,672.91;1,699.35;10,252,090,340;207,103,611,495
Aug 06, 2022;1,732.66;1,744.33;1,691.66;1,691.66;11,757,911,705;206,143,302,111
Aug 05, 2022;1,607.52;1,732.25;1,606.50;1,732.25;18,546,491,876;211,067,071,405
Aug 04, 2022;1,618.89;1,658.51;1,585.33;1,608.21;14,467,440,626;195,930,417,589
Aug 03, 2022;1,633.05;1,678.10;1,595.63;1,618.87;16,786,218,830;197,208,540,575
Aug 02, 2022;1,634.65;1,672.63;1,567.85;1,632.95;20,426,082,309;198,900,803,868
Aug 01, 2022;1,681.45;1,700.17;1,613.42;1,635.20;16,191,371,176;199,152,780,196
Jul 31, 2022;1,695.88;1,745.88;1,672.61;1,681.52;14,200,735,370;204,771,722,889
Jul 30, 2022;1,727.06;1,738.02;1,678.11;1,695.97;15,576,977,870;206,508,772,876
Jul 29, 2022;1,725.62;1,759.88;1,662.79;1,727.41;23,249,531,113;210,313,498,732
Jul 28, 2022;1,636.23;1,774.58;1,604.89;1,725.47;27,231,399,966;210,050,435,904
Jul 27, 2022;1,443.73;1,636.80;1,423.62;1,636.23;23,007,524,016;199,168,822,142
Jul 26, 2022;1,445.15;1,445.15;1,362.95;1,441.81;18,238,563,509;175,483,010,010
Jul 25, 2022;1,599.16;1,605.34;1,445.38;1,445.38;20,585,056,021;175,898,851,084
Jul 24, 2022;1,549.22;1,654.43;1,548.67;1,599.48;17,217,849,557;194,630,191,920
Jul 23, 2022;1,536.46;1,591.63;1,495.68;1,549.30;14,998,811,383;188,503,496,052
Jul 22, 2022;1,576.75;1,641.21;1,523.64;1,537.41;18,926,100,582;187,035,568,058
Jul 21, 2022;1,520.37;1,595.76;1,472.19;1,576.75;20,009,556,587;191,800,749,216
Jul 20, 2022;1,542.95;1,612.65;1,500.80;1,520.20;22,942,708,340;184,901,273,324
Jul 19, 2022;1,578.38;1,607.03;1,501.80;1,542.98;27,753,529,276;187,650,624,168
Jul 18, 2022;1,338.81;1,578.72;1,338.81;1,578.72;27,440,420,623;191,975,962,096
Jul 17, 2022;1,353.21;1,378.42;1,329.76;1,338.64;16,079,711,737;162,763,136,860
Jul 16, 2022;1,232.79;1,377.94;1,195.61;1,352.63;18,364,013,796;164,446,216,964
Jul 15, 2022;1,191.67;1,275.78;1,182.90;1,233.13;17,411,448,225;149,901,581,969
Jul 14, 2022;1,113.52;1,202.95;1,077.41;1,191.53;16,688,640,823;144,828,136,302
Jul 13, 2022;1,038.19;1,113.59;1,019.22;1,113.59;18,302,588,147;135,338,329,618
Jul 12, 2022;1,097.26;1,097.26;1,038.14;1,038.19;12,583,282,453;126,162,583,561
Jul 11, 2022;1,168.14;1,169.19;1,095.00;1,097.24;12,064,180,410;133,322,814,436
Jul 10, 2022;1,216.90;1,216.90;1,157.18;1,168.40;10,984,558,039;141,954,129,137
Jul 09, 2022;1,222.31;1,228.77;1,209.38;1,216.98;8,821,353,104;147,839,484,293
Jul 08, 2022;1,237.58;1,262.89;1,200.63;1,222.51;16,315,929,082;148,494,701,910
Jul 07, 2022;1,186.96;1,246.89;1,165.62;1,237.59;14,230,795,894;150,310,328,517
Jul 06, 2022;1,134.82;1,193.64;1,116.25;1,186.97;15,373,536,703;144,146,515,578
Jul 05, 2022;1,150.51;1,165.68;1,086.83;1,134.54;16,195,518,291;137,763,639,219
Jul 04, 2022;1,073.79;1,152.94;1,048.40;1,151.06;13,670,889,311;139,753,790,719
Jul 03, 2022;1,066.47;1,083.42;1,044.01;1,073.77;8,557,248,150;130,354,920,626
Jul 02, 2022;1,060.12;1,073.05;1,033.96;1,066.51;9,935,603,640;129,459,761,680
Jul 01, 2022;1,068.32;1,100.22;1,040.15;1,059.77;17,499,453,625;128,626,459,283
Jun 30, 2022;1,099.35;1,103.69;1,009.09;1,067.30;16,350,755,497;129,526,314,725
Jun 29, 2022;1,144.52;1,152.68;1,092.10;1,098.94;15,386,286,815;133,353,794,241
Jun 28, 2022;1,193.25;1,229.74;1,141.16;1,144.58;14,023,205,651;138,878,854,102
Jun 27, 2022;1,199.71;1,234.18;1,179.79;1,193.68;12,492,225,250;144,823,390,350
Jun 26, 2022;1,242.99;1,272.13;1,199.41;1,199.83;12,096,607,824;145,556,215,206
Jun 25, 2022;1,226.72;1,246.39;1,184.56;1,243.45;12,481,946,184;150,833,549,828
Jun 24, 2022;1,143.20;1,238.62;1,134.51;1,226.84;16,981,552,654;148,805,951,210
Jun 23, 2022;1,051.33;1,146.49;1,050.22;1,143.39;14,657,862,919;138,670,376,993
Jun 22, 2022;1,125.37;1,126.26;1,049.76;1,051.42;15,010,593,493;127,505,209,522
Jun 21, 2022;1,127.51;1,185.43;1,112.57;1,124.82;15,632,089,439;136,394,173,951
Jun 20, 2022;1,127.66;1,159.99;1,066.11;1,127.64;19,739,691,429;136,722,871,084
Jun 19, 2022;993.40;1,142.34;943.12;1,127.66;21,795,481,981;136,710,815,910
Jun 18, 2022;1,086.38;1,095.17;896.11;993.64;21,655,406,608;120,451,036,891
Jun 17, 2022;1,067.99;1,112.47;1,060.87;1,086.52;14,591,486,540;131,697,196,726
Jun 16, 2022;1,233.60;1,246.14;1,058.78;1,067.73;18,907,671,369;129,406,748,348
Jun 15, 2022;1,211.37;1,236.63;1,025.68;1,233.21;37,539,999,450;149,446,989,787
Jun 14, 2022;1,204.56;1,252.47;1,094.70;1,211.66;33,327,826,525;146,821,604,380
Jun 13, 2022;1,443.84;1,448.74;1,181.95;1,204.58;45,162,788,786;145,949,007,641
Jun 12, 2022;1,530.19;1,539.71;1,436.18;1,445.22;23,465,074,882;175,086,938,732
Jun 11, 2022;1,665.22;1,679.31;1,507.04;1,529.66;21,127,089,064;185,298,897,902
Jun 10, 2022;1,789.69;1,797.61;1,663.43;1,665.04;18,504,740,451;201,677,680,445
Jun 09, 2022;1,793.51;1,827.29;1,779.87;1,789.83;12,013,083,393;216,770,182,921
Jun 08, 2022;1,814.10;1,830.68;1,770.23;1,793.57;18,041,476,023;217,202,109,119
Jun 07, 2022;1,859.33;1,862.91;1,729.41;1,814.05;24,020,076,750;219,659,418,081
Jun 06, 2022;1,805.64;1,915.03;1,804.99;1,859.29;16,518,471,852;225,114,630,766
Jun 05, 2022;1,801.82;1,825.86;1,777.13;1,805.20;8,850,385,937;218,544,227,814
Jun 04, 2022;1,775.22;1,810.30;1,751.53;1,801.61;8,677,951,273;218,086,698,232
Jun 03, 2022;1,834.14;1,840.06;1,746.51;1,775.08;14,878,001,811;214,853,197,853
Jun 02, 2022;1,822.41;1,845.31;1,789.66;1,834.15;17,065,041,354;221,979,536,504
Jun 01, 2022;1,942.05;1,965.17;1,776.05;1,823.57;21,037,797,760;220,675,468,264
May 31, 2022;1,996.41;2,005.49;1,932.35;1,942.33;18,363,115,560;235,021,820,715
May 30, 2022;1,811.89;2,005.21;1,804.46;1,996.44;19,580,808,705;241,543,951,897
May 29, 2022;1,792.18;1,818.78;1,765.94;1,812.03;10,642,556,101;219,209,358,147
May 28, 2022;1,762.48;1,800.47;1,724.64;1,792.42;12,897,702,711;216,813,374,963
May 27, 2022;1,802.54;1,814.66;1,721.26;1,724.92;25,470,760,032;208,627,071,823
May 26, 2022;1,945.03;1,962.17;1,759.20;1,803.91;23,458,681,818;218,157,454,743
May 25, 2022;1,978.68;2,014.37;1,943.94;1,944.83;13,364,545,730;235,174,141,324
May 24, 2022;1,972.39;1,991.54;1,920.69;1,978.98;13,057,109,007;239,278,614,834
May 23, 2022;2,042.34;2,080.33;1,964.39;1,972.18;16,434,529,708;238,431,020,387
May 22, 2022;1,974.67;2,047.19;1,966.04;2,043.17;10,941,123,403;246,986,847,793
May 21, 2022;1,961.02;1,985.40;1,944.27;1,974.52;8,546,822,406;238,662,541,735
May 20, 2022;2,018.00;2,054.80;1,926.68;1,961.32;15,892,482,289;237,041,503,833
May 19, 2022;1,916.15;2,028.39;1,907.02;2,018.34;18,734,247,914;243,906,956,357
May 18, 2022;2,090.46;2,102.33;1,916.66;1,916.66;17,740,965,589;231,594,842,726
May 17, 2022;2,022.88;2,113.06;2,015.97;2,090.41;18,509,929,297;252,562,157,297
May 16, 2022;2,145.84;2,145.84;1,988.81;2,022.73;21,459,552,191;244,357,879,748
May 15, 2022;2,056.18;2,147.19;2,008.16;2,145.71;14,846,088,335;259,186,464,087
May 14, 2022;2,014.28;2,063.43;1,956.57;2,056.27;15,457,044,616;248,356,265,278
May 13, 2022;1,960.12;2,139.71;1,941.98;2,014.42;24,816,096,567;243,274,721,467
May 12, 2022;2,072.50;2,170.46;1,748.30;1,961.70;42,463,486,402;236,882,074,239
May 11, 2022;2,342.75;2,441.08;2,018.86;2,072.11;45,743,399,154;250,186,937,448
May 10, 2022;2,242.65;2,450.76;2,206.76;2,343.51;38,202,099,639;282,924,938,115
May 09, 2022;2,518.51;2,528.26;2,238.06;2,245.43;36,333,567,678;271,054,331,837
May 08, 2022;2,636.12;2,638.83;2,498.43;2,517.46;20,802,269,935;303,859,041,427
May 07, 2022;2,694.99;2,696.65;2,599.52;2,636.09;13,369,276,367;318,142,976,736
May 06, 2022;2,748.93;2,754.84;2,645.34;2,694.98;21,027,599,270;325,214,199,379
May 05, 2022;2,940.23;2,948.96;2,704.92;2,749.21;22,642,925,048;331,722,438,860
May 04, 2022;2,783.13;2,956.69;2,779.27;2,940.64;18,186,749,944;354,781,969,604
May 03, 2022;2,857.15;2,859.19;2,762.12;2,783.48;13,026,093,219;335,783,385,600
May 02, 2022;2,827.61;2,874.15;2,785.52;2,857.41;18,609,741,545;344,664,213,659
May 01, 2022;2,729.99;2,838.70;2,728.08;2,827.76;15,332,730,152;341,049,885,442
Apr 30, 2022;2,815.53;2,836.83;2,727.41;2,730.19;13,520,941,867;329,245,687,215
Apr 29, 2022;2,936.78;2,943.45;2,782.44;2,815.60;18,771,041,399;339,508,249,529
Apr 28, 2022;2,888.85;2,973.13;2,861.82;2,936.94;18,443,524,633;354,099,998,307
Apr 27, 2022;2,808.65;2,911.88;2,802.27;2,888.93;17,419,284,041;348,272,874,148
Apr 26, 2022;3,008.95;3,026.42;2,786.25;2,808.30;19,052,045,399;338,514,769,949
Apr 25, 2022;2,922.99;3,018.42;2,804.51;3,009.39;22,332,690,614;362,714,896,494
Apr 24, 2022;2,937.35;2,961.88;2,922.13;2,922.73;9,696,829,579;352,230,955,094
Apr 23, 2022;2,964.80;2,975.32;2,926.74;2,938.11;9,116,955,609;354,042,065,766
Apr 22, 2022;2,986.94;3,024.85;2,942.36;2,964.84;16,782,795,477;357,225,521,174
Apr 21, 2022;3,077.83;3,173.45;2,962.41;2,987.48;20,783,591,093;359,913,941,107
Apr 20, 2022;3,103.93;3,157.89;3,045.29;3,077.75;15,547,362,265;370,747,899,753
Apr 19, 2022;3,057.57;3,125.08;3,035.54;3,104.11;14,156,035,096;373,881,545,796
Apr 18, 2022;2,993.48;3,062.52;2,893.91;3,057.61;18,629,381,299;368,239,502,264
Apr 17, 2022;3,061.88;3,075.78;2,989.04;2,993.40;10,463,091,281;360,466,921,074
Apr 16, 2022;3,041.12;3,074.89;3,016.42;3,062.31;8,766,710,365;368,723,505,202
Apr 15, 2022;3,020.13;3,044.29;3,001.12;3,040.92;11,256,651,536;366,106,878,801
Apr 14, 2022;3,117.82;3,139.93;2,988.44;3,019.91;15,821,419,931;363,537,133,351
Apr 13, 2022;3,029.88;3,123.58;3,006.48;3,118.34;16,088,473,629;375,344,730,159
Apr 12, 2022;2,981.42;3,077.45;2,957.87;3,030.38;20,235,707,410;364,715,602,736
Apr 11, 2022;3,209.58;3,214.46;2,962.76;2,981.05;21,891,804,831;358,739,023,179
Apr 10, 2022;3,261.29;3,303.00;3,211.87;3,211.87;10,427,054,790;386,471,827,351
Apr 09, 2022;3,191.98;3,261.96;3,187.47;3,261.92;9,908,112,156;392,450,014,876
Apr 08, 2022;3,233.27;3,301.61;3,179.14;3,192.07;17,557,050,669;384,004,266,017
Apr 07, 2022;3,172.20;3,263.47;3,155.58;3,233.27;16,745,496,605;388,917,301,310
Apr 06, 2022;3,411.67;3,411.67;3,171.20;3,171.69;25,632,563,639;381,466,903,809
Apr 05, 2022;3,521.24;3,546.71;3,410.55;3,411.79;16,681,503,199;410,298,423,739
Apr 04, 2022;3,522.36;3,535.15;3,422.00;3,521.24;18,209,969,743;423,413,008,036
Apr 03, 2022;3,444.81;3,573.96;3,421.26;3,522.83;15,333,808,649;423,557,081,705
Apr 02, 2022;3,449.79;3,521.28;3,442.00;3,445.06;23,571,556,215;414,159,902,497
Apr 01, 2022;3,282.58;3,467.56;3,223.89;3,449.55;20,982,988,937;414,654,032,151
Mar 31, 2022;3,385.29;3,435.13;3,272.93;3,281.64;17,685,495,686;394,425,928,251
Mar 30, 2022;3,401.53;3,435.29;3,349.24;3,385.16;15,302,506,131;406,821,918,325
Mar 29, 2022;3,335.02;3,470.19;3,335.02;3,401.99;19,533,323,636;408,798,491,703
Mar 28, 2022;3,292.32;3,424.02;3,279.03;3,336.63;20,620,450,770;400,900,140,647
Mar 27, 2022;3,143.80;3,291.58;3,130.00;3,291.58;13,431,866,834;395,441,924,036
Mar 26, 2022;3,106.41;3,146.83;3,091.83;3,143.18;8,876,420,740;377,571,096,915
Mar 25, 2022;3,108.45;3,183.96;3,087.49;3,106.67;17,030,503,831;373,143,966,537
Mar 24, 2022;3,031.06;3,118.39;3,012.33;3,108.06;18,070,503,166;373,268,685,628
Mar 23, 2022;2,973.15;3,036.75;2,933.31;3,031.07;16,008,767,658;363,981,070,562
Mar 22, 2022;2,897.77;3,040.38;2,892.54;2,973.13;16,830,539,230;356,983,458,904
Mar 21, 2022;2,860.10;2,954.56;2,838.25;2,897.98;15,206,116,098;347,920,723,063
Mar 20, 2022;2,946.55;2,956.97;2,826.11;2,860.46;12,684,727,326;343,377,833,604
Mar 19, 2022;2,944.72;2,979.99;2,910.80;2,946.26;11,576,463,120;353,637,851,553
Mar 18, 2022;2,814.43;2,973.62;2,774.86;2,945.34;15,830,879,093;353,488,093,017
Mar 17, 2022;2,771.96;2,826.16;2,751.56;2,814.85;12,685,265,194;337,789,077,518
Mar 16, 2022;2,620.03;2,781.31;2,610.76;2,772.06;17,915,109,769;332,615,747,238
Mar 15, 2022;2,590.67;2,662.33;2,515.77;2,620.15;12,861,105,614;314,353,415,766
Mar 14, 2022;2,518.49;2,604.03;2,505.30;2,590.70;11,244,398,839;310,784,628,715
Mar 13, 2022;2,573.49;2,594.55;2,503.89;2,518.94;8,632,000,379;302,142,844,336
Mar 12, 2022;2,559.66;2,606.44;2,559.13;2,574.75;6,532,996,574;308,802,688,253
Mar 11, 2022;2,608.27;2,664.56;2,534.69;2,559.56;12,382,419,582;306,945,646,022
Mar 10, 2022;2,729.12;2,729.12;2,566.19;2,608.05;13,292,477,213;312,725,132,203
Mar 09, 2022;2,577.17;2,761.80;2,573.66;2,729.78;14,173,665,398;327,284,646,384
Mar 08, 2022;2,497.72;2,618.17;2,489.76;2,576.75;13,922,922,903;308,901,634,237
Mar 07, 2022;2,555.30;2,639.94;2,455.59;2,497.77;14,594,098,731;299,399,838,914
Mar 06, 2022;2,664.94;2,673.64;2,555.04;2,555.04;8,872,976,607;306,229,430,306
Mar 05, 2022;2,618.47;2,679.10;2,596.99;2,664.83;8,072,368,396;319,352,820,653
Mar 04, 2022;2,834.99;2,835.18;2,587.75;2,617.16;14,496,939,024;313,604,105,839
Mar 03, 2022;2,950.16;2,964.67;2,797.32;2,834.47;13,091,199,728;339,605,220,817
Mar 02, 2022;2,972.47;3,026.87;2,919.94;2,950.12;16,636,517,503;353,421,574,640
Mar 01, 2022;2,919.78;3,029.65;2,868.94;2,972.49;18,757,425,786;356,060,928,142
Feb 28, 2022;2,621.17;2,929.18;2,586.39;2,919.20;19,266,124,733;349,638,704,204
Feb 27, 2022;2,780.50;2,831.13;2,581.62;2,621.80;16,150,857,254;313,983,181,396
Feb 26, 2022;2,764.99;2,849.42;2,745.01;2,781.11;11,724,648,351;333,024,181,663
Feb 25, 2022;2,598.44;2,821.97;2,579.21;2,764.54;17,208,902,048;331,001,574,996
Feb 24, 2022;2,588.17;2,689.05;2,308.91;2,598.07;29,312,342,666;311,035,019,270
Feb 23, 2022;2,639.45;2,741.37;2,587.41;2,590.36;13,382,637,240;310,077,026,340
Feb 22, 2022;2,572.90;2,648.92;2,510.68;2,639.30;16,360,200,507;315,899,223,813
Feb 21, 2022;2,627.67;2,752.46;2,568.25;2,573.82;18,646,392,740;308,026,942,925
Feb 20, 2022;2,763.76;2,763.76;2,585.95;2,628.65;11,641,437,834;314,553,542,349
Feb 19, 2022;2,784.87;2,826.35;2,707.38;2,763.70;9,774,183,169;330,676,602,382
Feb 18, 2022;2,884.34;2,937.31;2,761.64;2,785.73;15,748,173,433;333,274,482,393
Feb 17, 2022;3,126.86;3,154.62;2,861.85;2,881.48;15,860,206,214;344,691,405,366
Feb 16, 2022;3,180.45;3,181.62;3,055.17;3,127.83;12,352,406,833;374,117,832,127
Feb 15, 2022;2,933.73;3,185.52;2,917.86;3,179.88;13,921,257,873;380,300,250,254
Feb 14, 2022;2,880.19;2,957.96;2,840.26;2,933.48;12,164,552,172;350,792,159,064
Feb 13, 2022;2,916.79;2,947.78;2,845.40;2,883.46;9,054,963,563;344,772,260,795
Feb 12, 2022;2,927.39;2,980.08;2,870.18;2,917.36;11,254,355,757;348,785,733,007
Feb 11, 2022;3,077.41;3,127.45;2,888.71;2,927.38;16,043,881,065;349,944,259,218
Feb 10, 2022;3,240.11;3,271.32;3,070.38;3,077.48;18,629,485,080;367,845,386,121
Feb 09, 2022;3,121.18;3,263.16;3,063.16;3,239.46;13,951,308,490;387,161,915,316
Feb 08, 2022;3,143.01;3,219.47;3,038.38;3,122.61;17,136,080,906;373,154,427,925
Feb 07, 2022;3,057.42;3,182.53;3,002.93;3,142.47;15,197,063,785;375,485,569,686
Feb 06, 2022;3,014.96;3,061.26;2,965.43;3,057.48;9,466,018,022;365,288,302,067
Feb 05, 2022;2,984.45;3,054.13;2,966.78;3,014.65;13,102,093,957;360,130,344,738
Feb 04, 2022;2,681.06;2,983.59;2,675.44;2,983.59;18,987,223,729;356,379,709,501
Feb 03, 2022;2,682.23;2,712.48;2,587.78;2,679.16;12,755,505,065;319,980,125,796
Feb 02, 2022;2,791.96;2,802.21;2,630.12;2,682.85;13,876,301,217;320,384,932,826
Feb 01, 2022;2,687.90;2,802.32;2,682.62;2,792.12;13,194,846,235;333,395,296,200
Jan 31, 2022;2,603.26;2,697.74;2,489.07;2,688.28;13,778,234,614;320,959,888,865
Jan 30, 2022;2,598.56;2,631.41;2,550.46;2,603.47;9,501,221,177;310,798,780,839
Jan 29, 2022;2,546.59;2,627.61;2,526.99;2,597.08;11,172,062,661;310,001,494,765
Jan 28, 2022;2,421.65;2,548.78;2,367.83;2,547.09;14,666,227,351;303,999,533,601
Jan 27, 2022;2,467.19;2,510.45;2,328.45;2,423.00;16,126,522,783;289,156,264,094
Jan 26, 2022;2,455.58;2,705.78;2,417.68;2,468.03;21,229,909,340;294,496,473,175
Jan 25, 2022;2,440.39;2,498.51;2,359.38;2,455.93;16,179,776,932;293,019,902,304
Jan 24, 2022;2,535.89;2,537.21;2,172.30;2,440.35;28,220,804,648;291,127,719,901
Jan 23, 2022;2,406.92;2,542.14;2,381.52;2,535.04;16,481,489,511;302,389,263,381
Jan 22, 2022;2,561.15;2,615.25;2,330.25;2,405.18;27,369,692,036;286,866,655,647
Jan 21, 2022;3,002.96;3,029.08;2,496.81;2,557.93;26,796,291,874;305,050,189,407
Jan 20, 2022;3,095.27;3,265.34;3,000.91;3,001.12;10,645,922,764;357,862,901,302
Jan 19, 2022;3,163.85;3,171.16;3,055.21;3,095.83;13,187,424,144;369,113,617,589
Jan 18, 2022;3,212.29;3,236.02;3,096.12;3,164.03;13,024,154,091;377,202,294,416
Jan 17, 2022;3,350.95;3,355.82;3,157.22;3,212.30;12,344,309,617;382,914,238,639
Jan 16, 2022;3,330.39;3,376.40;3,291.56;3,350.92;9,505,934,874;399,392,136,112
Jan 15, 2022;3,309.84;3,364.54;3,278.67;3,330.53;9,619,999,078;396,916,629,873
Jan 14, 2022;3,248.65;3,330.77;3,203.82;3,310.00;13,562,957,230;394,425,210,962
Jan 13, 2022;3,372.10;3,396.97;3,247.92;3,248.29;15,294,466,275;387,027,270,412
Jan 12, 2022;3,238.45;3,401.22;3,216.72;3,372.26;16,662,871,689;401,752,380,546
Jan 11, 2022;3,082.99;3,247.51;3,061.14;3,238.11;15,211,447,193;385,726,806,148
Jan 10, 2022;3,157.57;3,177.21;2,947.68;3,083.10;19,535,744,145;367,219,283,311
Jan 09, 2022;3,091.70;3,206.79;3,075.91;3,157.75;12,334,683,863;376,068,612,894
Jan 08, 2022;3,193.50;3,240.30;3,020.88;3,091.97;16,037,732,700;368,192,421,487
Jan 07, 2022;3,417.84;3,420.46;3,117.38;3,193.21;24,494,179,209;380,204,321,962
Jan 06, 2022;3,549.71;3,549.71;3,335.38;3,418.41;24,293,791,313;406,971,721,364
Jan 05, 2022;3,794.27;3,842.06;3,456.75;3,550.39;18,061,338,502;422,636,379,036
Jan 04, 2022;3,761.36;3,876.79;3,723.35;3,794.06;14,030,925,983;451,591,466,825
Jan 03, 2022;3,829.54;3,836.20;3,698.05;3,761.38;12,080,777,893;447,650,792,404
Jan 02, 2022;3,769.30;3,836.16;3,727.36;3,829.57;9,881,471,548;455,713,570,381
Jan 01, 2022;3,683.05;3,769.92;3,682.29;3,769.70;9,776,191,466;448,537,615,143
Dec 31, 2021;3,713.43;3,807.29;3,636.87;3,682.63;14,157,285,268;438,128,003,491
Dec 30, 2021;3,632.22;3,767.56;3,595.20;3,713.85;12,925,377,999;441,792,512,827
Dec 29, 2021;3,797.44;3,827.98;3,612.80;3,628.53;15,722,555,672;431,593,692,098
Dec 28, 2021;4,037.54;4,037.54;3,769.28;3,800.89;17,299,472,803;452,043,198,574
Dec 27, 2021;4,064.75;4,126.00;4,033.49;4,037.55;11,424,360,002;480,134,213,401
Dec 26, 2021;4,094.15;4,105.02;4,013.03;4,067.33;11,197,244,172;483,620,188,465
Dec 25, 2021;4,049.78;4,138.57;4,027.93;4,093.28;10,894,785,525;486,650,526,450
Dec 24, 2021;4,111.34;4,134.11;4,029.06;4,047.98;12,769,090,623;481,210,199,545
Dec 23, 2021;3,981.96;4,149.03;3,897.23;4,108.02;18,007,273,742;488,291,028,084
Dec 22, 2021;4,018.70;4,073.79;3,947.69;3,982.10;13,921,756,199;473,270,048,864
Dec 21, 2021;3,938.46;4,058.82;3,918.84;4,020.26;16,388,555,198;477,751,386,115
Dec 20, 2021;3,923.70;3,980.10;3,759.40;3,933.84;21,589,690,675;467,428,565,001
Dec 19, 2021;3,960.87;4,018.66;3,894.40;3,922.59;16,167,785,597;466,037,604,379
Dec 18, 2021;3,880.29;3,993.83;3,774.62;3,960.86;19,530,895,889;470,530,555,466
Dec 17, 2021;3,959.01;3,992.79;3,711.42;3,879.49;23,143,541,098;460,810,766,341
Dec 16, 2021;4,020.41;4,110.37;3,956.06;3,962.47;19,825,531,254;470,613,962,761
Dec 15, 2021;3,862.25;4,086.37;3,664.72;4,018.39;26,411,188,833;477,201,243,362
Dec 14, 2021;3,782.82;3,866.63;3,700.10;3,745.44;23,836,759,957;444,724,220,347
Dec 13, 2021;4,136.36;4,145.96;3,680.61;3,784.23;23,999,841,386;449,291,443,953
Dec 12, 2021;4,084.81;4,173.61;3,993.06;4,134.45;14,057,603,914;490,816,832,310
Dec 11, 2021;3,909.67;4,095.65;3,846.05;4,084.45;19,131,502,454;484,824,810,240
Dec 10, 2021;4,113.59;4,227.11;3,897.77;3,908.50;28,014,595,631;463,886,245,130
Dec 09, 2021;4,433.03;4,482.31;4,078.84;4,119.82;22,296,131,874;488,911,369,093
Dec 08, 2021;4,311.67;4,453.11;4,234.54;4,439.36;18,704,315,119;526,774,233,712
Dec 07, 2021;4,358.59;4,428.59;4,264.32;4,315.06;22,366,213,354;511,968,714,781
Dec 06, 2021;4,199.00;4,375.52;3,930.81;4,358.74;28,229,518,513;517,093,472,536
Dec 05, 2021;4,119.63;4,246.92;4,040.22;4,198.32;25,533,062,707;498,007,875,686
Dec 04, 2021;4,227.76;4,242.73;3,525.49;4,119.59;38,478,999,182;488,613,645,062
Dec 03, 2021;4,514.36;4,647.29;4,100.15;4,220.71;25,879,591,528;500,552,313,217
Dec 02, 2021;4,586.33;4,628.92;4,441.51;4,511.30;21,502,671,027;534,956,208,694
Dec 01, 2021;4,623.68;4,780.73;4,530.27;4,586.99;27,634,826,695;543,871,223,795
Nov 30, 2021;4,447.77;4,753.27;4,358.07;4,631.48;28,626,354,111;549,085,770,691
Nov 29, 2021;4,296.95;4,460.85;4,284.50;4,445.11;19,086,475,837;526,931,291,117
Nov 28, 2021;4,101.65;4,297.92;3,989.97;4,294.45;15,953,126,340;509,016,708,179
Nov 27, 2021;4,043.00;4,187.68;4,033.51;4,096.91;16,515,693,874;485,548,014,481
Nov 26, 2021;4,522.21;4,550.84;3,933.51;4,030.91;26,281,795,488;477,672,051,593
Nov 25, 2021;4,271.39;4,550.52;4,249.77;4,274.74;18,705,358,318;506,472,632,401
Nov 24, 2021;4,340.04;4,376.88;4,176.18;4,239.98;21,838,037,128;502,285,105,696
Nov 23, 2021;4,089.68;4,385.48;4,069.77;4,340.76;22,133,497,059;514,217,959,090
Nov 22, 2021;4,266.51;4,302.02;4,033.57;4,088.46;19,752,218,877;484,275,218,142
Nov 21, 2021;4,412.20;4,422.49;4,255.46;4,269.73;14,094,831,413;505,690,293,990
Nov 20, 2021;4,298.35;4,434.39;4,209.24;4,409.93;15,448,261,277;522,236,291,601
Nov 19, 2021;3,995.73;4,311.71;3,982.92;4,298.31;20,626,269,711;508,960,524,908
Nov 18, 2021;4,287.80;4,343.56;3,959.23;4,000.65;21,383,250,893;473,663,292,938
Nov 17, 2021;4,213.91;4,300.31;4,107.13;4,287.59;22,183,461,850;507,579,384,616
Nov 16, 2021;4,570.48;4,891.70;4,144.33;4,216.37;27,417,502,801;499,090,512,787
Nov 15, 2021;4,627.09;4,764.64;4,546.60;4,557.50;16,275,851,299;539,410,730,883
Nov 14, 2021;4,648.63;4,689.84;4,516.94;4,626.36;12,172,962,219;547,499,259,423
Nov 13, 2021;4,666.72;4,702.12;4,582.18;4,651.46;14,457,436,261;550,408,539,446
Nov 12, 2021;4,724.31;4,808.74;4,510.92;4,667.12;18,316,060,208;552,199,380,998
Nov 11, 2021;4,635.45;4,778.06;4,580.99;4,730.38;17,933,201,129;559,621,726,330
Nov 10, 2021;4,733.36;4,859.50;4,485.09;4,636.17;22,748,160,545;548,414,296,327
Nov 09, 2021;4,810.07;4,837.59;4,718.04;4,735.07;20,834,172,627;560,049,280,556
Nov 08, 2021;4,619.65;4,822.36;4,619.65;4,812.09;19,290,896,267;569,094,330,697
Nov 07, 2021;4,523.98;4,640.92;4,510.98;4,620.55;13,541,376,033;546,381,671,971
Nov 06, 2021;4,482.65;4,531.00;4,334.97;4,521.58;14,429,076,700;534,616,843,813
Nov 05, 2021;4,537.42;4,570.90;4,447.49;4,486.24;15,086,003,586;530,378,899,238
Nov 04, 2021;4,604.68;4,606.52;4,426.62;4,537.32;18,415,244,464;536,356,841,434
Nov 03, 2021;4,589.68;4,664.91;4,462.98;4,607.19;21,220,463,155;544,555,114,009
Nov 02, 2021;4,322.50;4,599.95;4,288.69;4,584.80;20,794,448,222;541,846,540,463
Nov 01, 2021;4,288.22;4,377.32;4,160.97;4,324.63;17,985,288,261;511,040,780,623
Oct 31, 2021;4,322.74;4,394.45;4,179.02;4,288.07;17,498,160,238;506,663,636,947
Oct 30, 2021;4,414.24;4,426.85;4,252.49;4,325.65;14,615,490,626;511,045,675,623
Oct 29, 2021;4,288.69;4,455.74;4,271.71;4,414.75;22,967,641,914;521,512,615,610
Oct 28, 2021;3,924.82;4,293.15;3,905.71;4,287.32;25,958,154,575;506,402,198,179
Oct 27, 2021;4,132.17;4,299.15;3,930.26;3,930.26;26,219,530,404;464,175,061,361
Oct 26, 2021;4,217.34;4,289.13;4,106.82;4,131.10;17,157,714,562;487,840,182,030
Oct 25, 2021;4,084.43;4,236.67;4,072.03;4,217.88;15,995,727,040;498,030,801,217
Oct 24, 2021;4,171.86;4,185.73;3,967.12;4,087.90;14,978,083,638;482,628,847,456
Oct 23, 2021;3,971.36;4,171.66;3,944.63;4,171.66;14,781,537,792;492,462,196,227
Oct 22, 2021;4,055.69;4,162.98;3,908.34;3,970.18;19,432,937,968;468,623,912,328
Oct 21, 2021;4,161.71;4,366.09;4,032.48;4,054.32;28,220,661,820;478,500,948,880
Oct 20, 2021;3,877.73;4,167.47;3,833.29;4,155.99;20,338,319,988;490,444,280,909
Oct 19, 2021;3,747.16;3,883.93;3,736.78;3,877.65;15,998,757,133;457,545,764,474
Oct 18, 2021;3,847.73;3,888.21;3,686.75;3,748.76;17,386,204,158;442,286,890,171
Oct 17, 2021;3,829.86;3,914.90;3,660.72;3,847.10;15,908,090,346;453,838,694,184
Oct 16, 2021;3,865.67;3,962.45;3,805.89;3,830.38;16,578,095,629;451,814,143,160
Oct 15, 2021;3,790.15;3,895.47;3,735.36;3,862.63;20,966,841,512;455,566,504,000
Oct 14, 2021;3,604.96;3,819.26;3,590.28;3,786.01;19,443,499,909;446,474,897,131
Oct 13, 2021;3,492.75;3,607.74;3,417.60;3,606.20;16,211,275,589;425,218,703,480
Oct 12, 2021;3,546.48;3,546.48;3,407.34;3,492.57;18,109,578,443;411,781,081,166
Oct 11, 2021;3,419.73;3,622.29;3,385.76;3,545.35;18,579,189,588;417,956,526,087
Oct 10, 2021;3,575.02;3,603.24;3,414.97;3,425.85;16,171,746,693;403,822,590,446
Oct 09, 2021;3,560.00;3,628.24;3,544.64;3,575.72;12,707,036,942;421,440,173,778
Oct 08, 2021;3,587.83;3,667.96;3,547.83;3,563.76;16,222,029,488;419,983,193,014
Oct 07, 2021;3,576.81;3,650.01;3,479.91;3,587.97;19,090,322,927;422,788,897,812
Oct 06, 2021;3,516.57;3,622.55;3,354.47;3,580.56;21,855,226,591;421,867,592,042
Oct 05, 2021;3,381.78;3,541.45;3,365.82;3,518.52;16,632,591,670;414,510,299,768
Oct 04, 2021;3,418.78;3,434.78;3,283.45;3,380.09;17,747,154,101;398,156,802,049
Oct 03, 2021;3,390.77;3,484.61;3,348.12;3,418.36;15,516,566,862;402,619,122,254
Oct 02, 2021;3,308.87;3,464.84;3,260.03;3,391.69;19,202,671,704;399,433,404,741
Oct 01, 2021;3,001.13;3,329.85;2,978.65;3,307.52;22,307,625,573;389,475,327,627
Sep 30, 2021;2,852.56;3,046.52;2,840.29;3,001.68;17,661,065,099;353,421,264,860
Sep 29, 2021;2,809.30;2,946.88;2,786.99;2,853.14;15,763,456,158;335,894,451,616
Sep 28, 2021;2,928.96;2,970.77;2,793.36;2,807.30;16,895,079,070;330,459,005,352
Sep 27, 2021;3,065.84;3,163.67;2,932.69;2,934.14;19,164,053,681;345,350,983,222
Sep 26, 2021;2,926.34;3,114.86;2,744.58;3,062.27;21,172,766,310;360,390,447,457
Sep 25, 2021;2,930.88;2,968.99;2,818.97;2,925.57;18,932,786,754;344,263,323,578
Sep 24, 2021;3,154.56;3,159.64;2,747.34;2,931.67;25,595,422,789;344,941,570,042
Sep 23, 2021;3,077.97;3,173.54;3,038.10;3,155.52;18,516,291,047;371,237,859,101
Sep 22, 2021;2,763.21;3,089.08;2,741.44;3,077.87;23,742,102,645;362,060,838,609
Sep 21, 2021;2,977.31;3,101.70;2,676.41;2,764.43;30,405,062,665;325,153,006,769
Sep 20, 2021;3,329.67;3,343.33;2,940.84;2,958.99;27,371,684,581;347,997,332,693
Sep 19, 2021;3,433.29;3,448.32;3,286.17;3,329.45;14,257,609,743;391,520,172,702
Sep 18, 2021;3,397.42;3,540.81;3,371.89;3,432.02;15,995,220,233;403,535,591,621
Sep 17, 2021;3,569.57;3,589.31;3,356.45;3,398.54;17,722,363,229;399,552,923,890
Sep 16, 2021;3,613.07;3,673.31;3,489.81;3,571.29;20,093,903,064;419,815,044,704
Sep 15, 2021;3,431.22;3,615.28;3,365.91;3,615.28;17,548,551,804;424,937,147,897
Sep 14, 2021;3,286.32;3,429.17;3,273.63;3,429.17;19,125,420,848;403,015,177,032
Sep 13, 2021;3,407.47;3,426.50;3,121.51;3,285.51;22,721,552,948;386,087,569,776
Sep 12, 2021;3,270.29;3,462.47;3,235.11;3,410.13;16,810,411,424;400,686,506,367
Sep 11, 2021;3,209.03;3,346.53;3,208.96;3,270.28;18,627,122,934;384,209,314,701
Sep 10, 2021;3,425.56;3,512.57;3,157.06;3,211.51;22,355,974,097;377,261,165,406
Sep 09, 2021;3,452.55;3,562.99;3,400.52;3,427.34;24,118,055,831;402,569,602,098
Sep 08, 2021;3,428.38;3,559.12;3,224.76;3,497.32;31,738,430,771;410,741,599,782
Sep 07, 2021;3,926.53;3,945.31;3,062.22;3,426.39;39,131,346,397;402,365,928,843
Sep 06, 2021;3,951.52;3,968.43;3,868.99;3,928.38;18,674,691,198;461,261,434,464
Sep 05, 2021;3,886.33;3,979.19;3,838.49;3,952.13;18,371,468,576;463,997,267,858
Sep 04, 2021;3,937.91;3,969.45;3,837.93;3,887.83;20,806,963,328;456,394,981,337
Sep 03, 2021;3,787.49;4,022.47;3,712.68;3,940.61;26,207,765,094;462,538,485,147
Sep 02, 2021;3,825.03;3,830.71;3,726.75;3,790.99;24,387,397,330;444,924,932,307
Sep 01, 2021;3,430.76;3,836.87;3,387.41;3,834.83;30,070,890,104;450,017,458,312
Aug 31, 2021;3,227.76;3,466.99;3,195.22;3,433.73;27,280,502,987;402,902,770,210
Aug 30, 2021;3,227.19;3,346.58;3,151.44;3,224.37;19,306,924,485;378,293,803,192
Aug 29, 2021;3,246.77;3,283.24;3,158.84;3,227.00;13,296,586,731;378,558,550,046
Aug 28, 2021;3,275.10;3,284.85;3,217.40;3,244.40;13,709,633,698;380,556,000,846
Aug 27, 2021;3,096.41;3,281.84;3,064.49;3,270.60;18,489,602,004;383,584,756,115
Aug 26, 2021;3,228.75;3,249.66;3,060.23;3,100.33;17,405,668,117;363,573,005,236
Aug 25, 2021;3,174.27;3,248.73;3,086.11;3,224.92;18,902,728,235;378,139,623,273
Aug 24, 2021;3,324.86;3,358.69;3,154.12;3,172.46;20,131,028,906;371,945,926,397
Aug 23, 2021;3,241.36;3,373.38;3,235.85;3,319.26;20,511,110,509;389,112,198,985
Aug 22, 2021;3,226.23;3,272.73;3,142.01;3,242.12;15,983,278,460;380,025,418,317
Aug 21, 2021;3,286.93;3,307.35;3,209.87;3,226.08;18,113,977,628;378,102,594,336
Aug 20, 2021;3,182.16;3,298.25;3,178.10;3,286.94;20,885,619,828;385,190,199,131
Aug 19, 2021;3,019.13;3,184.44;2,963.15;3,182.70;19,546,290,360;372,932,559,773
Aug 18, 2021;3,011.96;3,124.98;2,959.03;3,020.09;21,539,248,425;353,837,223,420
Aug 17, 2021;3,149.38;3,288.81;2,996.47;3,014.85;25,509,056,745;353,182,540,849
Aug 16, 2021;3,309.42;3,333.99;3,139.78;3,156.51;23,080,039,949;369,734,989,544
Aug 15, 2021;3,266.28;3,320.08;3,117.79;3,310.50;22,166,205,051;387,728,432,650
Aug 14, 2021;3,322.76;3,329.28;3,214.52;3,265.44;19,860,862,133;382,406,961,576
Aug 13, 2021;3,049.00;3,324.67;3,037.68;3,322.21;23,868,866,254;389,010,223,400
Aug 12, 2021;3,164.18;3,236.31;2,984.17;3,043.41;25,403,699,845;356,323,695,446
Aug 11, 2021;3,142.83;3,269.21;3,122.92;3,164.25;26,729,035,052;370,427,827,541
Aug 10, 2021;3,163.05;3,228.94;3,059.23;3,141.69;27,605,221,710;367,745,684,864
Aug 09, 2021;3,012.89;3,185.70;2,900.93;3,167.86;31,983,260,936;370,765,447,257
Aug 08, 2021;3,161.23;3,184.60;2,951.75;3,013.73;28,433,638,008;352,685,939,542
Aug 07, 2021;2,891.71;3,170.23;2,868.54;3,157.24;33,081,467,129;369,437,242,138
Aug 06, 2021;2,827.50;2,944.90;2,727.79;2,890.94;26,528,577,879;338,237,757,600
Aug 05, 2021;2,725.67;2,840.43;2,540.68;2,827.33;31,057,928,075;330,757,177,808
Aug 04, 2021;2,508.54;2,764.44;2,463.47;2,724.62;25,038,698,173;318,705,809,705
Aug 03, 2021;2,609.41;2,630.31;2,449.35;2,502.35;22,696,753,413;292,673,137,937
Aug 02, 2021;2,557.77;2,665.73;2,511.38;2,610.15;22,162,754,104;305,247,273,085
Aug 01, 2021;2,530.46;2,695.43;2,520.93;2,561.85;22,697,987,055;299,564,961,374
Jul 31, 2021;2,461.58;2,551.16;2,423.82;2,536.21;18,001,710,283;296,532,997,873
Jul 30, 2021;2,382.55;2,469.70;2,322.34;2,466.96;20,212,848,934;288,404,129,264
Jul 29, 2021;2,299.01;2,396.45;2,273.40;2,380.96;16,313,373,113;278,318,371,381
Jul 28, 2021;2,302.08;2,341.78;2,250.91;2,296.55;18,991,302,378;268,421,055,914
Jul 27, 2021;2,230.20;2,316.95;2,154.73;2,298.33;23,067,480,378;268,599,779,831
Jul 26, 2021;2,191.31;2,428.82;2,177.33;2,233.37;29,614,324,233;260,978,030,148
Jul 25, 2021;2,187.15;2,194.44;2,108.83;2,191.37;14,566,483,636;256,042,010,286
Jul 24, 2021;2,123.96;2,197.65;2,107.32;2,189.22;16,057,446,601;255,761,140,995
Jul 23, 2021;2,025.11;2,129.44;2,000.44;2,124.78;16,200,392,492;248,204,064,165
Jul 22, 2021;1,994.82;2,044.12;1,954.30;2,025.20;17,495,480,331;236,545,322,693
Jul 21, 2021;1,786.28;2,025.68;1,759.02;1,990.97;21,253,359,756;232,520,574,470
Jul 20, 2021;1,819.08;1,837.00;1,722.05;1,787.51;17,368,597,636;208,735,078,074
Jul 19, 2021;1,893.05;1,916.12;1,807.91;1,817.30;14,157,735,481;212,189,036,787
Jul 18, 2021;1,900.19;1,988.34;1,883.01;1,895.55;13,791,868,728;221,300,983,041
Jul 17, 2021;1,876.88;1,917.60;1,855.59;1,898.83;13,364,282,076;221,657,905,577
Jul 16, 2021;1,916.60;1,959.70;1,853.59;1,880.38;14,884,569,147;219,480,196,483
Jul 15, 2021;1,994.71;2,037.74;1,883.27;1,911.18;15,688,092,552;223,049,018,143
Jul 14, 2021;1,941.17;2,015.11;1,869.22;1,994.33;17,342,819,679;232,727,182,406
Jul 13, 2021;2,034.10;2,040.69;1,922.58;1,940.08;16,621,628,658;226,371,110,382
Jul 12, 2021;2,140.51;2,167.71;2,011.02;2,036.72;17,768,129,077;237,619,933,340
Jul 11, 2021;2,110.88;2,172.65;2,083.80;2,139.66;14,705,386,138;249,601,597,225
Jul 10, 2021;2,147.00;2,190.12;2,081.92;2,111.40;17,581,542,471;246,276,605,890
Jul 09, 2021;2,115.57;2,185.38;2,051.07;2,146.69;23,029,574,602;250,363,856,991
Jul 08, 2021;2,317.95;2,324.01;2,089.41;2,120.03;23,188,123,689;247,225,603,542
Jul 07, 2021;2,323.21;2,403.77;2,298.03;2,315.16;22,398,345,285;269,950,094,549
Jul 06, 2021;2,197.92;2,346.29;2,197.92;2,324.68;20,891,861,314;271,028,619,181
Jul 05, 2021;2,321.92;2,321.92;2,163.04;2,198.58;20,103,794,829;256,297,846,064
Jul 04, 2021;2,226.55;2,384.29;2,190.84;2,321.72;18,787,107,473;270,621,669,241
Jul 03, 2021;2,150.84;2,237.57;2,117.59;2,226.11;17,433,361,641;259,447,545,608
Jul 02, 2021;2,109.89;2,155.60;2,021.82;2,150.04;31,796,212,554;250,552,745,326
Jul 01, 2021;2,274.40;2,274.40;2,081.08;2,113.61;29,061,701,793;246,278,235,669
Jun 30, 2021;2,164.22;2,282.99;2,090.76;2,274.55;25,828,056,268;265,001,225,921
Jun 29, 2021;2,083.45;2,242.24;2,076.24;2,160.77;24,815,124,419;251,715,870,101
Jun 28, 2021;1,981.39;2,139.81;1,963.62;2,079.66;25,514,602,841;242,239,400,958
Jun 27, 2021;1,831.00;1,979.96;1,811.25;1,978.89;19,885,474,742;230,473,556,118
Jun 26, 2021;1,810.88;1,850.18;1,719.56;1,829.24;20,637,542,361;213,021,180,909
Jun 25, 2021;1,989.22;2,017.76;1,794.40;1,813.22;22,774,334,998;211,131,091,602
Jun 24, 2021;1,968.96;2,032.34;1,887.43;1,988.46;20,272,845,769;231,509,317,649
Jun 23, 2021;1,878.63;2,043.53;1,827.57;1,989.74;28,408,659,206;231,625,292,667
Jun 22, 2021;1,886.67;1,993.16;1,707.60;1,874.95;35,547,251,725;218,244,605,870
Jun 21, 2021;2,245.32;2,259.46;1,867.19;1,888.45;33,745,173,825;219,790,202,020
Jun 20, 2021;2,171.34;2,275.38;2,049.96;2,246.36;22,535,930,423;261,416,943,134
Jun 19, 2021;2,235.16;2,278.41;2,168.88;2,178.50;18,765,854,896;253,490,067,194
Jun 18, 2021;2,374.59;2,377.20;2,147.31;2,231.73;22,752,818,388;259,654,503,060
Jun 17, 2021;2,367.31;2,457.18;2,312.30;2,372.00;21,871,633,186;275,942,664,677
Jun 16, 2021;2,544.86;2,554.63;2,354.35;2,367.66;24,101,926,180;275,405,856,979
Jun 15, 2021;2,587.76;2,639.23;2,515.15;2,610.94;29,005,279,219;303,650,794,388
Jun 14, 2021;2,508.77;2,606.43;2,469.39;2,537.89;26,964,576,331;295,112,636,978
Jun 13, 2021;2,372.69;2,547.37;2,312.64;2,508.39;27,092,945,370;291,673,894,435
Jun 12, 2021;2,354.75;2,447.23;2,265.76;2,372.48;25,724,364,410;275,838,937,027
Jun 11, 2021;2,472.86;2,495.41;2,326.87;2,353.77;24,832,564,195;273,631,367,135
Jun 10, 2021;2,611.14;2,619.96;2,435.40;2,471.52;28,753,626,390;287,286,991,033
Jun 09, 2021;2,510.20;2,625.07;2,412.20;2,608.27;36,075,832,186;303,147,462,062
Jun 08, 2021;2,594.60;2,620.85;2,315.55;2,517.44;41,909,736,778;292,557,075,207
Jun 07, 2021;2,713.05;2,845.19;2,584.00;2,590.26;30,600,111,277;300,985,400,826
Jun 06, 2021;2,629.75;2,743.44;2,616.16;2,715.09;25,311,639,414;315,453,931,558
Jun 05, 2021;2,691.62;2,817.48;2,558.23;2,630.58;30,496,672,724;305,598,725,249
Jun 04, 2021;2,857.17;2,857.17;2,562.64;2,688.19;34,173,841,611;312,256,566,095
Jun 03, 2021;2,708.38;2,891.25;2,667.68;2,855.13;30,038,207,402;331,608,133,101
Jun 02, 2021;2,634.46;2,801.39;2,555.40;2,706.12;27,723,267,359;314,266,256,163
Jun 01, 2021;2,707.56;2,739.74;2,531.16;2,633.52;27,363,223,090;305,798,597,367
May 31, 2021;2,387.20;2,715.86;2,279.51;2,714.95;31,007,383,150;315,217,277,483
May 30, 2021;2,278.29;2,472.19;2,188.83;2,390.31;25,876,619,428;277,492,990,927
May 29, 2021;2,414.07;2,566.94;2,208.49;2,279.51;33,773,720,220;264,600,384,052
May 28, 2021;2,742.47;2,761.36;2,336.36;2,419.91;39,999,114,805;280,864,129,343
May 27, 2021;2,888.75;2,888.75;2,642.61;2,736.49;33,373,635,283;317,571,010,585
May 26, 2021;2,707.05;2,911.74;2,652.09;2,888.70;42,499,766,020;335,196,485,646
May 25, 2021;2,649.03;2,750.53;2,394.36;2,706.63;49,558,333,256;314,033,309,034
May 24, 2021;2,099.94;2,672.60;2,090.64;2,643.59;53,697,121,740;306,684,156,290
May 23, 2021;2,298.37;2,384.41;1,737.47;2,109.58;56,005,721,977;244,704,904,961
May 22, 2021;2,436.01;2,483.98;2,168.12;2,295.71;42,089,937,660;266,263,966,984
May 21, 2021;2,772.34;2,938.21;2,113.35;2,430.62;53,774,070,802;281,879,243,639
May 20, 2021;2,439.64;2,993.15;2,170.23;2,784.29;67,610,826,680;322,857,390,499
May 19, 2021;3,382.66;3,437.94;1,952.46;2,460.68;84,482,912,776;285,298,709,245
May 18, 2021;3,276.87;3,562.47;3,246.40;3,380.07;40,416,525,218;391,850,295,263
May 17, 2021;3,581.34;3,587.77;3,129.01;3,282.40;54,061,732,774;380,482,843,865
May 16, 2021;3,641.83;3,878.90;3,350.95;3,587.51;47,359,478,734;415,801,534,962
May 15, 2021;4,075.95;4,129.19;3,638.12;3,638.12;42,422,321,751;421,619,090,683
May 14, 2021;3,720.12;4,171.02;3,703.40;4,079.06;48,174,271,215;472,663,570,788
May 13, 2021;3,828.92;4,032.56;3,549.41;3,715.15;78,398,214,539;430,445,282,301
May 12, 2021;4,174.64;4,362.35;3,785.85;3,785.85;69,023,382,175;438,585,075,674
May 11, 2021;3,948.27;4,178.21;3,783.89;4,168.70;52,679,737,865;482,881,900,491
May 10, 2021;3,924.41;4,197.47;3,684.45;3,952.29;62,691,789,007;457,761,219,807
May 09, 2021;3,911.46;3,981.26;3,743.99;3,928.84;50,568,290,278;454,991,994,900
May 08, 2021;3,481.99;3,950.16;3,453.77;3,902.65;50,208,491,286;451,905,650,094
May 07, 2021;3,490.11;3,573.29;3,370.26;3,484.73;39,607,240,515;403,465,702,897
May 06, 2021;3,524.93;3,598.90;3,386.24;3,490.88;44,300,394,788;404,131,394,792
May 05, 2021;3,240.55;3,541.46;3,213.10;3,522.78;48,334,198,383;407,777,080,466
May 04, 2021;3,431.13;3,523.59;3,180.74;3,253.63;62,402,045,158;376,577,399,574
May 03, 2021;2,951.18;3,450.04;2,951.18;3,431.09;49,174,290,212;397,069,786,479
May 02, 2021;2,945.56;2,984.89;2,860.53;2,952.06;28,032,013,047;341,593,133,886
May 01, 2021;2,772.84;2,951.44;2,755.91;2,945.89;28,726,205,272;340,840,444,354
Apr 30, 2021;2,757.73;2,796.05;2,728.17;2,773.21;29,777,179,889;320,822,874,721
Apr 29, 2021;2,748.65;2,797.97;2,672.11;2,756.88;32,578,127,990;318,896,956,051
Apr 28, 2021;2,664.69;2,757.48;2,564.08;2,746.38;34,269,031,076;317,645,696,234
Apr 27, 2021;2,534.03;2,676.39;2,485.38;2,662.87;32,275,969,215;307,950,352,777
Apr 26, 2021;2,319.48;2,536.34;2,308.32;2,534.48;35,208,325,408;293,069,092,286
Apr 25, 2021;2,214.41;2,354.09;2,172.52;2,316.06;31,814,355,546;267,780,847,561
Apr 24, 2021;2,367.20;2,367.74;2,163.69;2,211.63;31,854,226,936;255,676,477,656
Apr 23, 2021;2,401.26;2,439.54;2,117.04;2,363.59;55,413,933,925;273,212,191,169
Apr 22, 2021;2,357.87;2,641.09;2,315.96;2,403.54;53,575,904,724;277,797,467,179
Apr 21, 2021;2,331.16;2,467.20;2,238.37;2,364.75;38,899,067,643;273,282,959,377
Apr 20, 2021;2,161.94;2,345.84;2,060.14;2,330.21;39,433,483,315;269,259,968,844
Apr 19, 2021;2,238.03;2,276.78;2,086.69;2,166.19;34,060,654,971;250,277,144,257
Apr 18, 2021;2,346.45;2,365.46;2,011.77;2,237.14;50,696,368,718;258,444,691,650
Apr 17, 2021;2,429.98;2,497.39;2,333.68;2,344.89;32,349,808,978;270,861,474,697
Apr 16, 2021;2,516.60;2,547.56;2,318.68;2,431.95;36,196,928,256;280,884,355,082
Apr 15, 2021;2,436.03;2,544.27;2,409.92;2,519.12;32,325,606,817;290,918,491,377
Apr 14, 2021;2,299.35;2,449.69;2,284.56;2,435.11;35,592,822,986;281,183,637,540
Apr 13, 2021;2,139.36;2,318.42;2,138.56;2,299.19;29,456,642,939;265,458,239,569
Apr 12, 2021;2,157.36;2,199.72;2,110.37;2,139.35;21,727,936,609;246,975,320,276
Apr 11, 2021;2,136.16;2,165.19;2,119.87;2,157.66;19,692,836,132;249,059,103,192
Apr 10, 2021;2,071.11;2,197.00;2,062.79;2,135.94;24,986,243,611;246,523,420,885
Apr 09, 2021;2,088.77;2,102.87;2,055.16;2,072.11;19,812,472,092;239,127,946,688
Apr 08, 2021;1,969.13;2,091.52;1,959.08;2,088.57;25,312,956,529;241,000,078,758
Apr 07, 2021;2,117.73;2,133.19;1,945.44;1,971.08;36,116,271,935;227,414,944,867
Apr 06, 2021;2,109.49;2,151.22;2,057.61;2,118.38;29,222,865,881;244,382,061,190
Apr 05, 2021;2,093.26;2,140.99;2,032.39;2,107.89;28,889,391,170;243,143,128,760
Apr 04, 2021;2,027.67;2,110.35;2,007.11;2,093.12;26,006,501,902;241,411,837,678
Apr 03, 2021;2,142.90;2,144.96;2,028.42;2,028.42;32,011,518,871;233,921,770,622
Apr 02, 2021;1,976.93;2,152.45;1,960.68;2,143.23;34,862,511,022;247,132,282,844
Apr 01, 2021;1,919.16;1,989.06;1,912.18;1,977.28;30,914,259,795;227,970,125,751
Mar 31, 2021;1,846.10;1,947.84;1,793.00;1,918.36;30,226,902,621;221,151,811,159
Mar 30, 2021;1,819.47;1,860.97;1,793.92;1,846.03;22,512,781,703;212,788,788,571
Mar 29, 2021;1,691.26;1,837.19;1,683.72;1,819.68;22,796,570,548;209,726,738,382
Mar 28, 2021;1,716.41;1,728.58;1,672.66;1,691.36;16,599,472,938;194,913,443,083
Mar 27, 2021;1,703.04;1,732.82;1,674.32;1,716.49;18,102,277,710;197,787,142,643
Mar 26, 2021;1,595.21;1,702.92;1,594.74;1,702.84;22,548,516,548;196,191,139,867
Mar 25, 2021;1,593.12;1,625.91;1,560.37;1,595.36;29,650,328,701;183,786,054,252
Mar 24, 2021;1,678.00;1,740.43;1,570.79;1,593.41;31,228,051,473;183,540,070,277
Mar 23, 2021;1,690.87;1,725.11;1,662.54;1,678.65;21,998,237,965;193,335,618,291
Mar 22, 2021;1,788.36;1,811.97;1,674.30;1,691.33;23,599,296,129;194,773,638,866
Mar 21, 2021;1,812.61;1,823.35;1,764.14;1,788.22;22,977,404,620;205,906,557,856
Mar 20, 2021;1,817.52;1,874.71;1,811.73;1,812.63;22,677,674,970;208,693,780,293
Mar 19, 2021;1,782.57;1,841.20;1,746.47;1,817.62;21,249,297,710;209,243,467,429
Mar 18, 2021;1,823.16;1,848.65;1,705.72;1,782.86;23,263,845,504;205,216,840,694
Mar 17, 2021;1,807.06;1,839.82;1,749.18;1,823.45;24,512,917,348;209,864,815,743
Mar 16, 2021;1,792.41;1,817.06;1,720.05;1,806.97;23,828,509,590;207,943,962,562
Mar 15, 2021;1,854.09;1,889.20;1,749.61;1,791.70;26,244,738,810;206,162,475,256
Mar 14, 2021;1,923.86;1,930.78;1,845.12;1,854.56;19,344,589,211;213,370,626,930
Mar 13, 2021;1,772.17;1,937.65;1,733.64;1,924.69;25,014,689,475;221,411,849,363
Mar 12, 2021;1,826.55;1,839.50;1,728.98;1,772.10;22,435,821,312;203,835,039,480
Mar 11, 2021;1,798.03;1,843.82;1,734.62;1,826.19;24,013,132,909;210,032,453,964
Mar 10, 2021;1,868.49;1,873.80;1,766.49;1,799.17;25,154,173,185;206,899,711,010
Mar 09, 2021;1,835.15;1,868.05;1,804.27;1,868.05;23,461,244,507;214,795,762,868
Mar 08, 2021;1,724.23;1,835.19;1,670.94;1,834.73;27,630,991,158;210,939,589,076
Mar 07, 2021;1,655.39;1,730.92;1,636.56;1,723.15;23,809,935,410;198,088,541,070
Mar 06, 2021;1,532.37;1,669.11;1,519.14;1,654.74;22,746,262,366;190,201,808,027
Mar 05, 2021;1,541.54;1,547.88;1,450.89;1,533.27;21,067,146,937;176,219,185,802
Mar 04, 2021;1,574.62;1,622.95;1,511.10;1,541.91;22,906,118,718;177,191,062,441
Mar 03, 2021;1,491.45;1,650.36;1,481.91;1,575.85;22,674,780,680;181,069,778,316
Mar 02, 2021;1,564.06;1,597.61;1,461.33;1,492.61;22,523,669,722;171,484,736,319
Mar 01, 2021;1,417.15;1,567.69;1,416.42;1,564.71;24,032,838,645;179,746,905,786
Feb 28, 2021;1,459.86;1,468.39;1,300.47;1,416.05;27,637,026,080;162,650,415,374
Feb 27, 2021;1,446.93;1,524.93;1,433.79;1,459.97;20,742,103,233;167,675,937,684
Feb 26, 2021;1,478.65;1,559.03;1,407.98;1,446.03;31,435,997,881;166,055,498,546
Feb 25, 2021;1,625.39;1,670.22;1,465.06;1,475.70;24,481,681,873;169,442,679,395
Feb 24, 2021;1,571.48;1,710.98;1,511.02;1,626.58;31,329,000,537;186,743,952,486
Feb 23, 2021;1,781.41;1,781.41;1,378.84;1,570.20;52,029,864,713;180,251,030,148
Feb 22, 2021;1,935.56;1,936.45;1,580.63;1,781.99;42,409,646,036;204,538,978,050
Feb 21, 2021;1,918.67;1,974.26;1,890.37;1,935.60;23,626,547,717;222,144,116,574
Feb 20, 2021;1,959.90;2,036.29;1,830.53;1,919.53;34,696,091,102;220,274,162,486
Feb 19, 2021;1,938.86;1,969.55;1,896.68;1,960.16;26,268,814,253;224,910,293,534
Feb 18, 2021;1,848.21;1,949.90;1,848.21;1,937.45;28,255,902,969;222,277,377,811
Feb 17, 2021;1,781.35;1,853.67;1,736.71;1,848.46;35,955,412,703;212,042,961,268
Feb 16, 2021;1,778.95;1,824.52;1,729.64;1,781.07;34,269,369,268;204,288,110,917
Feb 15, 2021;1,804.68;1,833.83;1,683.91;1,779.79;38,955,610,883;204,117,703,894
Feb 14, 2021;1,814.37;1,848.15;1,789.91;1,805.08;31,439,114,900;206,994,111,570
Feb 13, 2021;1,843.99;1,871.60;1,770.61;1,814.11;35,359,490,535;208,004,282,358
Feb 12, 2021;1,783.49;1,861.36;1,744.17;1,843.53;37,905,036,865;211,353,402,278
Feb 11, 2021;1,743.71;1,806.54;1,708.68;1,783.80;36,021,495,262;204,480,686,291
Feb 10, 2021;1,768.04;1,826.70;1,686.54;1,744.24;41,916,084,617;199,922,942,888
Feb 09, 2021;1,746.93;1,815.96;1,711.62;1,768.04;44,180,727,529;202,625,894,959
Feb 08, 2021;1,613.64;1,770.59;1,571.58;1,746.62;48,012,285,956;200,147,673,571
Feb 07, 2021;1,677.61;1,690.04;1,501.75;1,614.23;39,889,440,151;184,955,254,625
Feb 06, 2021;1,717.80;1,738.31;1,649.07;1,677.85;39,873,420,648;192,221,649,234
Feb 05, 2021;1,594.79;1,756.51;1,594.79;1,718.65;40,108,628,454;196,873,128,687
Feb 04, 2021;1,661.17;1,689.19;1,561.85;1,594.76;44,396,871,836;182,660,183,410
Feb 03, 2021;1,514.77;1,660.91;1,510.01;1,660.91;41,874,566,399;190,213,812,447
Feb 02, 2021;1,369.51;1,542.99;1,362.77;1,515.19;45,437,142,801;173,505,318,779
Feb 01, 2021;1,314.86;1,373.85;1,274.36;1,369.04;29,210,670,920;156,750,867,717
Jan 31, 2021;1,376.82;1,378.92;1,288.50;1,314.99;25,198,853,581;150,543,956,657
Jan 30, 2021;1,382.23;1,402.40;1,328.53;1,376.12;30,616,574,234;157,523,498,333
Jan 29, 2021;1,369.09;1,428.98;1,292.24;1,382.52;53,611,955,259;158,238,360,146
Jan 28, 2021;1,251.28;1,356.29;1,226.17;1,332.49;34,637,234,789;152,494,242,714
Jan 27, 2021;1,358.33;1,368.07;1,215.31;1,253.19;39,394,416,990;143,401,382,573
Jan 26, 2021;1,323.74;1,376.09;1,253.34;1,357.06;41,572,917,750;155,269,118,237
Jan 25, 2021;1,390.64;1,467.78;1,304.97;1,324.41;43,565,777,745;151,516,304,275
Jan 24, 2021;1,231.21;1,395.11;1,225.27;1,391.61;36,418,163,554;159,184,556,292
Jan 23, 2021;1,235.27;1,272.15;1,200.89;1,230.99;27,253,895,441;140,794,949,838
Jan 22, 2021;1,118.89;1,271.69;1,046.60;1,236.51;43,918,338,506;141,409,699,225
Jan 21, 2021;1,382.68;1,382.68;1,098.48;1,121.57;45,932,464,754;128,249,677,791
Jan 20, 2021;1,375.25;1,405.74;1,243.30;1,382.27;46,784,030,909;158,042,129,137
Jan 19, 2021;1,257.43;1,432.30;1,254.52;1,377.30;47,195,935,190;157,454,089,945
Jan 18, 2021;1,230.31;1,259.45;1,187.31;1,257.28;25,817,455,560;143,716,601,983
Jan 17, 2021;1,233.45;1,265.64;1,174.39;1,230.17;29,258,032,819;140,601,384,430
Jan 16, 2021;1,171.44;1,290.05;1,157.62;1,233.54;32,319,240,157;140,969,419,372
Jan 15, 2021;1,221.88;1,250.51;1,090.72;1,171.83;35,972,039,310;133,902,070,141
Jan 14, 2021;1,130.23;1,244.16;1,093.06;1,218.45;33,410,915,929;139,212,433,452
Jan 13, 2021;1,043.74;1,134.34;994.55;1,130.74;30,109,792,795;129,175,741,557
Jan 12, 2021;1,088.53;1,149.24;1,012.76;1,043.43;37,494,601,692;119,187,795,980
Jan 11, 2021;1,261.62;1,261.62;924.92;1,090.15;60,733,630,300;124,508,608,482
Jan 10, 2021;1,280.87;1,347.93;1,194.72;1,262.25;40,616,938,053;144,147,690,009
Jan 09, 2021;1,223.74;1,303.87;1,182.27;1,281.08;33,233,105,361;146,280,792,179
Jan 08, 2021;1,225.97;1,273.83;1,076.08;1,224.20;44,334,826,666;139,769,385,933
Jan 07, 2021;1,208.08;1,282.58;1,167.44;1,225.68;40,468,027,280;139,921,813,992
Jan 06, 2021;1,101.00;1,209.43;1,064.23;1,207.11;44,699,914,188;137,786,204,517
Jan 05, 2021;1,041.50;1,129.37;986.81;1,100.01;41,535,932,781;125,545,618,320
Jan 04, 2021;977.06;1,153.19;912.31;1,040.23;56,945,985,763;118,709,509,272
Jan 03, 2021;774.51;1,006.57;771.56;975.51;45,200,463,368;111,309,985,611
Jan 02, 2021;730.40;786.80;718.11;774.53;19,740,771,179;88,367,612,520
Jan 01, 2021;737.71;749.20;719.79;730.37;13,652,004,358;83,318,539,689
Dec 31, 2020;751.63;754.30;726.51;737.80;13,926,846,861;84,156,810,765
Dec 30, 2020;731.47;754.30;720.99;751.62;17,294,574,210;85,722,581,849
Dec 29, 2020;730.36;737.95;692.15;731.52;18,710,683,199;83,420,334,909
Dec 28, 2020;683.21;745.88;683.21;730.40;24,222,565,862;83,282,601,745
Dec 27, 2020;635.89;711.39;628.33;682.64;26,093,552,821;77,828,069,141
Dec 26, 2020;626.50;650.72;617.40;635.84;14,761,125,202;72,483,025,275
Dec 25, 2020;611.55;633.06;605.42;626.41;13,520,927,700;71,400,061,460
Dec 24, 2020;584.14;613.82;568.60;611.61;14,317,413,703;69,704,465,560
Dec 23, 2020;634.82;637.12;560.36;583.71;15,261,413,038;66,517,758,494
Dec 22, 2020;609.42;635.08;589.55;634.85;14,745,890,080;72,336,758,960
Dec 21, 2020;638.32;646.85;600.84;609.82;14,419,493,621;69,475,834,115
Dec 20, 2020;659.19;659.92;625.01;638.29;13,375,855,442;72,711,065,645
Dec 19, 2020;654.62;668.77;646.62;659.30;12,830,893,778;75,095,087,629
Dec 18, 2020;642.92;662.70;632.36;654.81;15,756,303,983;74,575,304,995
Dec 17, 2020;636.15;673.83;628.75;642.87;25,479,532,147;73,206,412,681
Dec 16, 2020;589.38;636.64;582.04;636.18;15,817,248,373;72,436,347,872
Dec 15, 2020;586.02;596.25;580.63;589.36;9,326,645,840;67,096,668,322
Dec 14, 2020;589.78;590.49;577.12;586.01;8,125,837,102;66,708,003,325
Dec 13, 2020;568.61;593.78;564.57;589.66;9,070,377,862;67,115,726,662
Dec 12, 2020;545.58;573.34;545.25;568.57;8,534,557,897;64,706,942,226
Dec 11, 2020;559.68;560.38;537.81;545.80;11,098,819,124;62,108,208,317
Dec 10, 2020;573.50;574.60;549.78;559.68;11,672,582,040;63,680,254,165
Dec 09, 2020;554.79;577.29;533.00;573.48;15,855,915,840;65,242,758,700
Dec 08, 2020;591.90;594.75;552.47;554.83;14,398,919,320;63,113,292,237
Dec 07, 2020;601.80;602.92;585.43;591.84;10,720,480,962;67,315,962,016
Dec 06, 2020;596.57;606.79;584.41;601.91;11,290,893,016;68,452,719,868
Dec 05, 2020;569.35;596.60;563.11;596.60;13,498,010,566;67,840,334,209
Dec 04, 2020;616.72;618.98;569.28;569.35;16,337,589,997;64,734,997,135
Dec 03, 2020;598.46;622.45;588.35;616.71;16,146,190,946;70,110,808,538
Dec 02, 2020;587.26;604.02;578.74;598.35;16,883,292,129;68,015,797,685
Dec 01, 2020;615.07;635.16;571.75;587.32;27,178,964,465;66,754,367,842
Nov 30, 2020;575.76;615.24;571.54;614.84;20,276,867,833;69,873,714,778
Nov 29, 2020;538.26;576.60;531.99;575.76;15,017,517,758;65,424,084,296
Nov 28, 2020;517.60;548.04;508.13;538.23;14,770,243,833;61,152,393,529
Nov 27, 2020;519.11;530.78;497.24;517.49;16,831,105,703;58,789,344,389
Nov 26, 2020;570.51;575.64;485.50;518.80;31,104,004,592;58,930,920,929
Nov 25, 2020;603.90;605.09;559.67;570.69;20,088,492,893;64,816,875,593
Nov 24, 2020;608.52;621.17;593.84;603.90;23,281,758,100;68,580,780,139
Nov 23, 2020;558.06;609.99;551.27;608.45;27,272,302,872;69,089,845,802
Nov 22, 2020;549.49;579.37;514.52;558.07;21,967,049,601;63,361,036,975
Nov 21, 2020;509.74;550.23;504.24;549.49;20,757,099,184;62,379,287,099
Nov 20, 2020;471.63;513.61;471.63;509.74;18,629,943,296;57,860,686,204
Nov 19, 2020;479.48;480.12;465.70;471.63;12,473,929,218;53,528,035,617
Nov 18, 2020;480.35;492.00;465.83;479.48;17,880,199,224;54,412,825,617
Nov 17, 2020;464.41;482.23;460.78;480.36;14,593,057,877;54,505,786,216
Nov 16, 2020;447.56;463.83;445.50;459.94;11,441,239,444;52,182,517,297
Nov 15, 2020;460.15;460.99;440.25;447.56;10,308,617,165;50,771,836,456
Nov 14, 2020;474.63;475.16;452.99;460.15;10,312,037,942;52,193,800,907
Nov 13, 2020;461.01;475.22;457.30;474.63;13,191,505,725;53,829,432,990
Nov 12, 2020;462.96;467.68;452.07;461.01;12,877,327,234;52,278,353,038
Nov 11, 2020;449.68;473.58;449.52;462.96;14,075,403,511;52,493,805,532
Nov 10, 2020;444.17;453.76;439.60;449.68;12,090,381,666;50,981,825,542
Nov 09, 2020;453.57;457.35;435.16;444.16;13,704,320,630;50,350,406,402
Nov 08, 2020;435.72;457.78;433.15;453.55;11,292,383,601;51,408,911,250
Nov 07, 2020;454.72;465.68;428.46;435.71;18,873,289,788;49,380,744,878
Nov 06, 2020;414.07;456.20;412.98;454.72;16,738,305,610;51,528,636,308
Nov 05, 2020;402.14;417.53;397.25;414.07;15,440,711,038;46,916,321,971
Nov 04, 2020;387.60;407.67;377.83;402.14;15,126,077,675;45,559,668,259
Nov 03, 2020;383.16;389.52;371.31;387.60;12,588,494,762;43,907,159,817
Nov 02, 2020;396.36;403.24;381.02;383.16;13,997,574,252;43,398,380,101
Nov 01, 2020;386.59;397.12;385.17;396.36;10,475,146,018;44,888,307,221
Oct 31, 2020;382.82;393.01;381.30;386.59;11,276,963,426;43,776,829,150
Oct 30, 2020;386.73;391.46;375.09;382.82;13,688,056,970;43,344,676,043
Oct 29, 2020;388.65;393.23;381.29;386.73;12,920,477,749;43,782,246,356
Oct 28, 2020;404.00;408.96;381.15;388.65;15,276,441,134;43,994,384,280
Oct 27, 2020;393.89;409.77;390.61;404.00;13,940,434,102;45,726,046,137
Oct 26, 2020;406.22;411.28;383.78;393.89;15,155,684,229;44,576,504,574
Oct 25, 2020;412.46;417.16;405.35;406.22;10,890,207,469;45,966,378,925
Oct 24, 2020;409.77;416.60;407.85;412.46;12,201,739,194;46,666,915,712
Oct 23, 2020;414.05;418.96;403.08;409.77;14,256,222,052;46,356,841,440
Oct 22, 2020;391.49;420.14;391.28;413.77;15,772,846,485;46,795,599,921
Oct 21, 2020;369.06;400.63;368.73;392.19;20,241,324,322;44,354,670,582
Oct 20, 2020;379.72;380.76;367.60;369.14;13,741,586,582;41,745,418,861
Oct 19, 2020;378.47;383.32;373.70;379.94;12,811,242,092;42,961,460,206
Oct 18, 2020;368.73;378.60;368.13;378.21;11,047,103,109;42,761,561,164
Oct 17, 2020;366.02;369.77;364.49;368.86;10,951,115,359;41,698,592,886
Oct 16, 2020;377.87;380.02;362.60;366.23;14,670,784,817;41,396,681,083
Oct 15, 2020;379.19;381.21;371.35;377.44;14,964,182,545;42,659,015,495
Oct 14, 2020;381.97;387.30;374.18;379.48;13,918,846,567;42,884,585,295
Oct 13, 2020;387.14;387.38;375.58;381.19;14,226,744,838;43,072,303,018
Oct 12, 2020;374.80;395.12;366.64;387.73;15,867,455,424;43,805,601,681
Oct 11, 2020;370.93;377.25;369.83;375.14;12,584,512,533;42,376,475,415
Oct 10, 2020;365.40;378.27;365.35;370.97;13,618,484,324;41,899,893,524
Oct 09, 2020;351.11;368.31;348.21;365.59;13,043,501,763;41,287,658,660
Oct 08, 2020;342.04;352.21;335.65;350.77;13,461,017,711;39,608,808,457
Oct 07, 2020;340.94;342.45;334.55;341.81;11,929,918,060;38,592,810,957
Oct 06, 2020;353.96;354.99;338.00;340.82;12,830,796,112;38,476,195,645
Oct 05, 2020;352.74;355.21;349.68;353.96;11,809,507,622;39,954,971,652
Oct 04, 2020;346.60;354.05;345.13;352.58;10,696,959,020;39,794,771,396
Oct 03, 2020;346.22;351.31;344.67;346.52;10,060,167,889;39,106,512,854
Oct 02, 2020;352.95;354.12;336.47;346.24;14,215,390,463;39,069,960,290
Oct 01, 2020;360.31;369.26;346.48;353.21;14,679,481,911;39,851,388,059
Sep 30, 2020;360.04;361.18;353.33;359.94;11,818,610,610;40,606,130,498
Sep 29, 2020;354.36;360.35;352.15;359.76;11,600,013,236;40,581,050,364
Sep 28, 2020;357.93;366.43;354.55;355.16;14,258,455,166;40,057,637,361
Sep 27, 2020;354.96;361.98;349.83;357.44;13,598,126,926;40,309,981,004
Sep 26, 2020;352.35;355.85;348.11;355.49;13,049,148,579;40,085,290,850
Sep 25, 2020;349.41;357.77;339.02;352.18;14,381,086,966;39,707,914,546
Sep 24, 2020;320.99;351.46;318.55;349.36;15,714,304,470;39,384,347,822
Sep 23, 2020;344.59;344.67;318.97;321.12;12,899,346,599;36,196,531,454
Sep 22, 2020;341.72;346.60;336.86;344.50;12,732,578,043;38,830,213,878
Sep 21, 2020;371.40;375.74;336.07;341.79;17,398,267,133;38,519,366,615
Sep 20, 2020;385.60;385.60;367.09;371.05;12,292,195,784;41,812,641,074
Sep 19, 2020;384.04;387.08;378.72;385.54;11,049,507,684;43,440,360,815
Sep 18, 2020;389.34;391.90;376.96;384.36;14,108,357,740;43,302,193,327
Sep 17, 2020;365.87;393.90;364.80;389.02;19,899,531,080;43,821,351,213
Sep 16, 2020;364.74;372.77;356.68;365.81;16,107,612,177;41,202,147,932
Sep 15, 2020;377.15;381.51;363.61;364.84;16,140,584,321;41,087,642,853
Sep 14, 2020;365.70;384.49;357.57;377.27;17,536,695,361;42,482,307,939
Sep 13, 2020;387.52;388.96;354.34;365.57;15,005,899,191;41,160,025,962
Sep 12, 2020;374.60;387.54;367.84;387.18;13,295,405,814;43,588,199,422
Sep 11, 2020;368.12;376.63;355.58;374.70;27,296,269,329;42,177,302,259
Sep 10, 2020;351.43;377.39;351.11;368.10;31,421,134,556;41,430,053,162
Sep 09, 2020;337.82;359.16;332.16;351.11;14,547,933,520;39,512,826,170
Sep 08, 2020;353.20;355.56;328.82;337.60;17,991,403,432;37,988,119,627
Sep 07, 2020;353.45;358.21;326.25;352.67;21,763,614,732;39,679,199,320
Sep 06, 2020;335.33;359.76;319.04;353.36;27,643,678,917;39,751,917,523
Sep 05, 2020;388.04;394.17;316.77;335.26;29,880,047,640;37,710,860,058
Sep 04, 2020;384.67;402.41;371.64;388.24;16,747,106,257;43,665,020,996
Sep 03, 2020;440.24;449.53;381.13;385.67;19,622,845,896;43,370,721,326
Sep 02, 2020;477.01;480.33;424.46;440.04;19,691,854,014;49,478,789,435
Sep 01, 2020;434.87;487.21;432.08;477.05;18,862,763,756;53,633,933,560
Aug 31, 2020;428.51;438.56;419.77;435.08;12,774,741,797;48,909,170,052
Aug 30, 2020;399.62;428.66;399.61;428.40;11,211,948,040;48,151,884,394
Aug 29, 2020;395.69;405.62;393.04;399.92;8,777,703,481;44,945,899,480
Aug 28, 2020;382.63;397.76;381.27;395.87;9,120,674,421;44,485,705,032
Aug 27, 2020;386.61;395.35;374.87;382.63;10,457,777,652;42,992,439,543
Aug 26, 2020;383.98;391.87;378.71;386.47;9,967,343,483;43,417,926,668
Aug 25, 2020;408.07;408.53;374.36;384.00;12,428,442,042;43,135,697,974
Aug 24, 2020;391.68;409.39;389.31;408.14;10,328,860,398;45,842,265,023
Aug 23, 2020;395.56;396.49;385.04;391.38;8,137,303,970;43,954,518,396
Aug 22, 2020;389.03;396.47;382.81;395.84;10,131,847,985;44,448,918,222
Aug 21, 2020;416.15;418.64;387.44;389.13;11,781,796,374;43,690,315,907
Aug 20, 2020;406.76;418.73;404.03;416.44;10,043,032,427;46,751,356,941
Aug 19, 2020;423.74;427.02;396.68;406.46;13,137,391,167;45,625,864,918
Aug 18, 2020;429.67;432.58;419.67;423.67;11,978,984,079;47,551,407,033
Aug 17, 2020;433.97;442.73;422.65;429.53;13,227,089,410;48,203,426,751
Aug 16, 2020;433.35;436.27;415.09;433.79;12,168,816,874;48,675,162,267
Aug 15, 2020;437.56;441.75;429.87;433.35;12,416,067,894;48,620,820,125
Aug 14, 2020;428.68;444.58;423.35;437.40;15,064,589,987;49,068,474,083
Aug 13, 2020;390.84;432.90;379.71;428.74;18,480,303,526;48,091,569,052
Aug 12, 2020;380.06;391.31;367.92;391.02;12,408,772,745;43,855,501,072
Aug 11, 2020;395.89;398.48;370.86;380.38;12,792,218,737;42,656,945,169
Aug 10, 2020;391.04;399.38;391.04;395.89;11,685,827,893;44,390,142,137
Aug 09, 2020;395.31;399.74;385.83;391.12;9,451,065,592;43,850,292,041
Aug 08, 2020;379.55;393.99;377.35;393.99;9,342,060,531;44,166,324,646
Aug 07, 2020;395.23;398.25;367.94;379.51;12,751,687,084;42,538,578,850
Aug 06, 2020;401.58;403.49;392.60;394.96;11,304,626,458;44,264,836,294
Aug 05, 2020;389.71;406.30;386.22;401.59;12,875,466,638;45,002,213,069
Aug 04, 2020;386.16;400.70;382.99;389.88;14,086,704,221;43,684,129,572
Aug 03, 2020;371.13;396.51;369.34;386.30;12,834,648,062;43,277,729,882
Aug 02, 2020;385.55;411.23;357.14;370.67;18,909,744,275;41,522,323,563
Aug 01, 2020;345.80;388.85;343.59;385.20;14,045,259,477;43,144,477,508
Jul 31, 2020;334.63;348.61;329.34;345.55;12,030,600,492;38,699,278,449
Jul 30, 2020;318.14;338.63;315.75;334.59;11,827,689,045;37,466,380,887
Jul 29, 2020;316.56;324.38;313.11;318.19;10,878,845,706;35,626,126,751
Jul 28, 2020;321.83;325.91;307.72;316.66;12,357,108,065;35,450,097,600
Jul 27, 2020;309.66;330.70;309.66;321.51;15,644,257,058;35,989,428,749
Jul 26, 2020;303.69;316.39;300.27;309.64;12,003,973,026;34,656,472,193
Jul 25, 2020;279.03;306.74;279.03;304.06;10,785,021,813;34,027,002,730
Jul 24, 2020;274.72;286.19;269.24;279.22;9,466,060,358;31,243,266,716
Jul 23, 2020;262.39;277.58;261.05;274.69;10,281,309,262;30,733,019,165
Jul 22, 2020;245.04;262.99;242.48;262.19;7,702,077,383;29,331,058,164
Jul 21, 2020;236.30;246.19;235.68;245.02;6,806,696,015;27,406,496,758
Jul 20, 2020;238.49;239.58;234.85;236.15;5,600,686,192;26,411,853,756
Jul 19, 2020;235.46;239.16;233.28;238.49;6,251,377,305;26,669,691,075
Jul 18, 2020;232.86;236.54;232.32;235.48;5,397,402,117;26,330,601,164
Jul 17, 2020;233.69;234.42;232.11;232.77;5,859,850,529;26,024,301,468
Jul 16, 2020;238.45;239.01;231.62;233.64;5,832,057,567;26,118,155,895
Jul 15, 2020;240.14;241.40;237.10;238.42;6,189,328,448;26,649,577,378
Jul 14, 2020;239.98;242.00;237.80;240.21;7,357,458,555;26,846,147,251
Jul 13, 2020;242.18;244.31;238.23;239.60;7,787,751,468;26,775,071,858
Jul 12, 2020;239.46;243.31;237.77;242.13;6,596,394,718;27,054,158,346
Jul 11, 2020;241.04;241.53;238.33;239.46;5,643,067,316;26,752,161,985
Jul 10, 2020;242.87;242.88;236.73;240.98;7,281,370,522;26,919,422,187
Jul 09, 2020;246.75;247.29;239.90;243.02;8,429,099,199;27,143,016,879
Jul 08, 2020;239.16;248.31;238.40;246.67;9,892,586,411;27,547,785,703
Jul 07, 2020;240.97;242.68;234.22;239.08;6,441,497,597;26,696,376,073
Jul 06, 2020;227.69;242.13;227.03;241.51;8,782,917,553;26,964,937,043
Jul 05, 2020;228.98;229.86;224.54;227.66;5,292,172,429;25,415,950,649
Jul 04, 2020;225.29;230.05;225.13;229.07;5,228,310,135;25,570,190,315
Jul 03, 2020;229.32;229.63;224.91;225.39;5,109,032,700;25,155,571,600
Jul 02, 2020;231.29;232.40;225.46;229.39;6,212,210,566;25,599,453,477
Jul 01, 2020;226.13;232.76;224.84;231.11;6,463,737,443;25,788,404,350
Jun 30, 2020;227.97;229.48;224.82;226.31;6,094,093,001;25,249,913,730
Jun 29, 2020;225.36;229.90;222.25;228.19;6,726,164,653;25,456,513,994
Jun 28, 2020;222.91;228.60;219.47;225.35;6,205,925,718;25,135,786,986
Jun 27, 2020;229.63;232.49;220.56;222.96;6,918,380,955;24,866,429,445
Jun 26, 2020;232.88;233.90;229.26;229.67;7,187,490,226;25,611,500,297
Jun 25, 2020;235.70;236.05;230.30;232.94;7,010,426,122;25,973,707,946
Jun 24, 2020;244.19;248.51;232.81;235.77;8,815,030,025;26,285,822,239
Jun 23, 2020;242.54;244.86;239.76;244.14;6,624,530,348;27,215,606,543
Jun 22, 2020;229.00;243.78;228.93;242.53;9,079,586,552;27,032,930,743
Jun 21, 2020;229.22;232.36;228.49;228.99;5,600,408,178;25,520,273,837
Jun 20, 2020;226.98;231.45;226.64;229.27;6,252,830,566;25,548,837,121
Jun 19, 2020;231.95;232.15;226.80;227.14;6,946,372,590;25,307,718,819
Jun 18, 2020;232.90;234.57;228.95;232.10;6,713,800,872;25,857,495,155
Jun 17, 2020;234.49;235.95;229.34;233.03;7,701,391,592;25,957,610,764
Jun 16, 2020;229.76;236.39;228.43;234.42;7,965,648,016;26,109,047,392
Jun 15, 2020;234.06;234.24;221.24;229.93;10,536,099,884;25,606,145,743
Jun 14, 2020;238.97;239.10;232.96;234.11;7,439,385,176;26,069,111,857
Jun 13, 2020;237.54;239.19;235.89;238.91;7,141,624,980;26,599,679,550
Jun 12, 2020;231.63;239.35;229.65;237.49;8,868,955,009;26,438,827,420
Jun 11, 2020;247.55;249.89;229.94;231.70;12,356,528,860;25,791,024,831
Jun 10, 2020;244.82;248.65;242.82;247.44;8,792,990,206;27,539,945,413
Jun 09, 2020;246.18;248.34;242.34;244.91;8,446,545,788;27,254,678,255
Jun 08, 2020;245.18;246.64;241.54;246.31;8,076,783,299;27,406,923,226
Jun 07, 2020;241.91;245.44;236.33;245.17;9,544,883,157;27,276,459,502
Jun 06, 2020;241.20;245.98;239.72;241.93;8,114,873,845;26,913,140,925
Jun 05, 2020;244.35;247.33;240.68;241.22;9,293,963,914;26,830,954,614
Jun 04, 2020;244.11;245.93;236.77;244.43;10,170,414,304;27,184,018,611
Jun 03, 2020;237.40;244.18;235.46;244.18;9,861,760,817;27,153,238,868
Jun 02, 2020;246.83;252.22;233.23;237.22;13,782,107,567;26,376,031,890
Jun 01, 2020;230.86;248.24;230.49;246.99;13,951,727,936;27,459,257,209
May 31, 2020;242.35;244.05;230.05;230.98;12,234,904,813;25,675,542,329
May 30, 2020;220.72;243.94;218.74;242.35;15,027,397,867;26,936,114,604
May 29, 2020;219.93;224.22;218.24;220.68;12,265,816,557;24,524,484,269
May 28, 2020;208.89;220.28;206.24;219.84;12,212,469,604;24,428,738,047
May 27, 2020;201.89;208.86;201.79;208.86;10,631,034,756;23,206,144,127
May 26, 2020;205.26;205.75;200.26;201.90;10,159,741,290;22,429,962,991
May 25, 2020;201.98;206.36;200.67;205.32;10,415,044,124;22,806,813,423
May 24, 2020;208.72;210.60;202.37;202.37;11,833,299,572;22,476,471,750
May 23, 2020;207.19;210.39;205.29;208.69;10,665,476,768;23,176,030,659
May 22, 2020;199.84;208.59;198.04;207.17;12,041,592,114;23,003,786,385
May 21, 2020;210.13;211.63;193.35;199.88;13,308,321,229;22,192,109,650
May 20, 2020;213.45;214.72;207.98;210.10;12,730,175,511;23,323,160,696
May 19, 2020;214.60;214.60;210.14;213.45;14,346,192,779;23,692,625,224
May 18, 2020;207.18;215.91;207.11;214.53;17,411,566,928;23,808,928,396
May 17, 2020;200.61;209.16;200.10;207.16;15,470,397,303;22,988,575,488
May 16, 2020;195.61;202.77;194.50;200.68;15,379,081,645;22,266,558,227
May 15, 2020;202.96;203.57;193.76;195.62;16,602,342,092;21,703,086,885
May 14, 2020;198.89;204.12;196.87;202.95;20,150,524,861;22,513,148,759
May 13, 2020;189.37;200.20;189.13;199.19;17,054,662,289;22,093,789,228
May 12, 2020;185.88;191.60;185.70;189.31;15,899,726,284;20,995,260,629
May 11, 2020;188.63;191.36;180.72;185.91;20,054,601,647;20,615,704,449
May 10, 2020;211.55;211.55;182.71;188.60;25,211,575,193;20,911,059,578
May 09, 2020;213.14;214.74;209.07;211.60;18,950,547,549;23,458,353,558
May 08, 2020;212.20;216.33;208.83;212.99;20,445,139,356;23,609,735,113
May 07, 2020;203.91;214.39;202.07;212.29;23,594,744,655;23,528,981,906
May 06, 2020;206.48;211.53;204.04;204.06;20,343,543,799;22,613,632,877
May 05, 2020;208.01;211.78;204.03;206.77;19,004,689,099;22,912,129,590
May 04, 2020;210.89;211.83;199.05;208.17;22,602,446,422;23,064,379,025
May 03, 2020;215.35;219.27;208.69;210.93;20,469,034,664;23,367,177,867
May 02, 2020;214.23;215.85;212.88;215.33;18,260,876,092;23,850,828,459
May 01, 2020;207.90;217.63;207.78;214.22;20,816,320,834;23,725,367,639
Apr 30, 2020;216.91;227.53;206.44;207.60;28,089,191,904;22,989,647,065
Apr 29, 2020;198.47;218.45;198.12;216.97;26,397,548,759;24,023,887,081
Apr 28, 2020;197.27;198.79;194.85;198.42;18,217,507,467;21,966,890,357
Apr 27, 2020;197.48;199.55;193.45;197.22;18,670,194,595;21,832,392,036
Apr 26, 2020;195.41;199.34;194.77;197.32;18,335,367,012;21,839,976,557
Apr 25, 2020;189.21;196.79;188.46;195.52;18,260,969,748;21,637,838,417
Apr 24, 2020;185.22;190.21;185.22;189.24;16,788,555,028;20,940,434,737
Apr 23, 2020;182.62;189.09;180.34;185.03;21,275,740,032;20,472,236,139
Apr 22, 2020;172.67;183.75;171.83;182.60;17,994,666,395;20,200,984,352
Apr 21, 2020;172.02;175.18;170.55;172.74;16,458,767,984;19,107,591,182
Apr 20, 2020;181.48;186.08;170.32;172.30;21,266,681,335;19,056,520,718
Apr 19, 2020;186.86;188.10;180.12;181.61;19,146,038,381;20,084,614,446
Apr 18, 2020;171.62;187.94;171.62;186.91;20,160,323,443;20,668,075,857
Apr 17, 2020;172.28;174.28;169.75;171.64;16,714,684,266;18,976,660,194
Apr 16, 2020;153.20;173.16;150.36;172.16;22,910,469,236;19,031,693,317
Apr 15, 2020;157.57;160.71;152.80;153.29;14,171,753,737;16,943,501,886
Apr 14, 2020;156.36;160.94;155.87;157.60;14,723,156,630;17,417,697,024
Apr 13, 2020;160.72;160.75;151.61;156.28;16,465,282,133;17,270,031,992
Apr 12, 2020;158.23;164.52;156.32;161.14;15,123,721,386;17,805,206,568
Apr 11, 2020;158.54;161.17;155.30;158.22;13,555,089,447;17,479,687,023
Apr 10, 2020;170.83;170.95;154.91;158.41;17,980,944,616;17,499,250,378
Apr 09, 2020;172.76;172.90;167.99;170.81;14,901,696,210;18,866,106,818
Apr 08, 2020;165.24;173.21;164.49;172.64;17,063,110,836;19,066,388,908
Apr 07, 2020;169.15;175.20;164.20;165.10;21,659,346,091;18,231,455,422
Apr 06, 2020;143.61;169.27;143.54;169.14;21,636,382,525;18,674,571,701
Apr 05, 2020;145.26;146.13;142.10;143.55;11,280,993,591;15,847,283,514
Apr 04, 2020;142.22;145.38;140.12;145.22;11,946,658,257;16,029,973,618
Apr 03, 2020;142.11;146.90;139.62;142.09;13,184,603,402;15,682,757,538
Apr 02, 2020;135.73;146.79;135.73;142.03;15,322,861,686;15,673,960,169
Apr 01, 2020;133.61;135.63;129.73;135.63;12,456,564,435;14,966,424,710
Mar 31, 2020;132.82;134.27;131.65;133.59;11,065,246,317;14,739,376,438
Mar 30, 2020;125.58;133.91;125.29;132.90;11,841,123,306;14,661,550,831
Mar 29, 2020;131.02;131.17;125.45;125.58;9,938,133,669;13,852,241,607
Mar 28, 2020;134.03;134.03;126.96;130.99;12,162,403,960;14,446,379,743
Mar 27, 2020;138.37;139.90;133.94;133.94;11,396,286,629;14,770,071,750
Mar 26, 2020;136.19;138.83;134.89;138.36;11,367,261,176;15,255,985,586
Mar 25, 2020;138.91;141.40;134.30;136.20;13,433,092,920;15,015,344,150
Mar 24, 2020;135.19;141.95;133.17;138.76;14,609,068,673;15,296,295,171
Mar 23, 2020;123.37;134.91;121.87;134.91;14,149,877,968;14,870,079,035
Mar 22, 2020;132.85;136.15;122.91;123.32;12,497,707,224;13,590,860,527
Mar 21, 2020;133.10;135.97;127.16;132.82;13,684,083,308;14,635,764,102
Mar 20, 2020;136.65;150.85;122.61;132.74;18,960,388,062;14,624,949,757
Mar 19, 2020;114.84;140.53;114.73;136.59;16,396,753,275;15,048,018,840
Mar 18, 2020;113.86;116.02;111.74;114.84;11,617,854,009;12,650,160,818
Mar 17, 2020;110.41;118.99;110.41;113.94;12,087,490,572;12,549,513,954
Mar 16, 2020;125.00;125.00;105.17;110.61;15,984,904,590;12,180,483,053
Mar 15, 2020;123.25;132.24;121.85;125.21;12,719,251,813;13,787,534,423
Mar 14, 2020;133.58;134.48;122.41;123.31;12,740,784,545;13,575,727,275
Mar 13, 2020;112.69;137.43;95.18;133.20;27,864,623,061;14,663,417,618
Mar 12, 2020;194.74;195.15;111.21;112.35;22,134,741,655;12,366,138,225
Mar 11, 2020;200.77;202.95;184.36;194.87;16,984,790,291;21,446,678,546
Mar 10, 2020;202.86;205.71;198.06;200.77;18,344,930,072;22,093,126,953
Mar 09, 2020;201.32;207.45;192.27;201.99;23,645,428,606;22,224,520,906
Mar 08, 2020;237.78;237.78;200.60;200.69;21,381,823,651;22,079,071,207
Mar 07, 2020;243.75;249.98;237.55;237.85;19,431,652,027;26,164,459,704
Mar 06, 2020;229.17;243.55;228.74;243.53;19,374,772,256;26,785,082,139
Mar 05, 2020;224.64;234.36;224.64;229.27;18,201,291,785;25,213,804,821
Mar 04, 2020;224.57;228.04;222.09;224.52;16,567,075,208;24,688,386,921
Mar 03, 2020;230.52;232.33;221.73;224.48;19,853,178,572;24,681,090,483
Mar 02, 2020;218.71;232.81;217.28;230.57;20,305,587,789;25,347,534,007
Mar 01, 2020;219.75;226.68;214.13;218.97;18,179,807,469;24,069,393,932
Feb 29, 2020;226.83;232.26;219.85;219.85;18,181,296,376;24,162,913,195
Feb 28, 2020;226.99;234.21;216.35;226.76;22,563,530,559;24,919,509,265
Feb 27, 2020;225.69;237.23;212.66;226.75;25,645,522,790;24,915,636,231
Feb 26, 2020;247.74;249.65;221.27;225.68;26,235,617,201;24,794,645,345
Feb 25, 2020;265.28;265.43;246.86;247.82;21,878,882,134;27,223,398,195
Feb 24, 2020;273.71;275.54;259.63;265.22;22,400,845,640;29,131,114,037
Feb 23, 2020;262.28;273.75;261.96;273.75;19,585,998,814;30,065,188,433
Feb 22, 2020;265.55;266.39;258.91;262.33;16,906,032,862;28,807,130,266
Feb 21, 2020;257.89;267.00;255.69;265.60;20,867,593,292;29,162,464,509
Feb 20, 2020;259.82;263.70;250.95;257.95;23,229,828,870;28,318,879,771
Feb 19, 2020;282.04;283.54;259.76;259.76;22,679,414,413;28,514,562,065
Feb 18, 2020;266.51;283.20;261.46;281.94;26,511,477,187;30,945,457,816
Feb 17, 2020;259.89;266.87;244.34;266.36;26,024,080,089;29,231,690,264
Feb 16, 2020;264.90;272.88;242.48;259.89;25,152,366,643;28,518,254,585
Feb 15, 2020;284.56;287.12;264.28;264.73;23,682,452,994;29,045,044,403
Feb 14, 2020;268.02;285.06;262.76;284.22;23,558,253,463;31,179,427,623
Feb 13, 2020;265.05;273.74;258.92;268.10;25,801,317,504;29,407,537,084
Feb 12, 2020;235.90;272.40;235.90;265.41;24,545,049,386;29,108,513,969
Feb 11, 2020;223.38;236.55;218.62;235.85;16,964,695,963;25,863,852,653
Feb 10, 2020;228.55;229.18;218.08;223.52;16,210,008,511;24,508,831,903
Feb 09, 2020;222.98;229.86;222.98;228.58;15,031,356,241;25,060,056,859
Feb 08, 2020;222.51;226.59;215.39;223.15;16,741,203,125;24,461,492,839
Feb 07, 2020;212.32;223.14;212.30;222.73;16,673,443,564;24,412,375,482
Feb 06, 2020;204.13;214.60;201.90;212.34;16,425,589,683;23,270,983,772
Feb 05, 2020;189.30;206.80;188.75;204.23;14,865,434,435;22,379,510,312
Feb 04, 2020;189.86;191.11;185.40;189.25;11,714,191,695;20,735,478,720
Feb 03, 2020;188.61;193.44;188.01;189.87;12,392,875,241;20,800,183,238
Feb 02, 2020;183.53;193.08;180.17;188.62;14,054,425,389;20,660,936,267
Feb 01, 2020;180.11;183.85;179.75;183.67;11,569,697,182;20,116,913,728
Jan 31, 2020;184.74;185.41;176.30;180.16;11,728,616,394;19,729,633,078
Jan 30, 2020;174.92;186.26;172.37;184.69;12,604,789,338;20,223,232,964
Jan 29, 2020;176.35;178.84;175.05;175.05;10,725,267,311;19,165,292,202
Jan 28, 2020;170.88;176.37;170.74;176.37;11,772,875,064;19,307,396,128
Jan 27, 2020;168.01;172.92;166.90;170.93;11,004,476,145;18,709,615,891
Jan 26, 2020;161.18;168.22;160.28;168.08;9,261,861,590;18,394,952,135
Jan 25, 2020;163.07;163.23;158.63;161.28;8,256,956,802;17,649,296,256
Jan 24, 2020;162.90;164.31;156.75;163.05;10,657,671,162;17,840,465,424
Jan 23, 2020;168.30;168.31;160.30;162.93;10,396,868,698;17,824,835,899
Jan 22, 2020;169.61;171.01;166.77;168.29;9,209,827,928;18,409,534,609
Jan 21, 2020;167.06;169.91;165.82;169.70;9,789,369,362;18,560,711,557
Jan 20, 2020;166.90;169.11;162.33;167.12;11,144,529,787;18,276,600,992
Jan 19, 2020;175.47;177.25;163.68;166.97;13,713,374,132;18,257,853,532
Jan 18, 2020;170.75;178.53;166.79;175.37;14,929,342,256;19,173,512,823
Jan 17, 2020;164.49;173.07;162.78;170.78;14,997,091,826;18,669,811,576
Jan 16, 2020;166.33;167.06;159.71;164.39;13,735,193,018;17,969,103,321
Jan 15, 2020;165.73;170.43;161.11;166.23;15,173,694,057;18,167,930,411
Jan 14, 2020;144.25;167.68;144.06;165.96;16,712,318,373;18,135,588,271
Jan 13, 2020;146.22;146.79;142.91;144.23;8,378,529,470;15,759,102,081
Jan 12, 2020;143.03;146.15;142.71;145.87;8,528,167,453;15,937,115,426
Jan 11, 2020;143.41;146.48;142.21;142.93;9,332,208,590;15,613,213,640
Jan 10, 2020;138.97;144.17;135.52;143.96;9,084,816,203;15,724,494,553
Jan 09, 2020;141.16;141.39;136.24;138.98;7,697,325,348;15,178,151,517
Jan 08, 2020;143.49;146.83;138.27;141.26;9,387,194,957;15,425,115,411
Jan 07, 2020;144.31;145.00;140.49;143.54;9,257,954,672;15,672,773,110
Jan 06, 2020;136.31;144.33;136.08;144.30;9,093,747,121;15,753,803,340
Jan 05, 2020;135.07;139.41;135.05;136.28;7,526,675,353;14,875,569,430
Jan 04, 2020;134.17;136.05;133.04;135.07;7,430,904,515;14,741,946,278
Jan 03, 2020;127.41;134.55;126.49;134.17;10,476,845,358;14,642,130,120
Jan 02, 2020;130.82;130.82;126.95;127.41;8,032,709,256;13,902,505,466
Jan 01, 2020;129.63;132.84;129.20;130.80;7,935,230,330;14,271,059,633
Dec 31, 2019;132.61;133.73;128.80;129.61;8,936,866,397;14,139,765,786
Dec 30, 2019;134.80;136.76;131.55;132.63;9,796,951,716;14,468,140,712
Dec 29, 2019;128.27;136.81;128.00;134.76;9,708,776,786;14,698,483,422
Dec 28, 2019;127.21;130.26;126.90;128.32;8,069,298,610;13,995,233,088
Dec 27, 2019;126.37;128.10;124.82;127.21;8,299,390,176;13,873,046,817
Dec 26, 2019;126.49;130.90;125.41;126.36;8,600,871,980;13,778,664,460
Dec 25, 2019;129.07;129.07;124.89;126.45;8,418,019,054;13,787,538,200
Dec 24, 2019;128.63;131.67;127.31;129.06;7,961,819,689;14,070,696,528
Dec 23, 2019;132.31;134.73;127.42;128.61;9,622,497,693;14,020,312,860
Dec 22, 2019;128.10;133.16;127.93;132.37;9,121,058,481;14,428,651,183
Dec 21, 2019;129.10;129.15;127.61;128.13;7,449,064,703;13,964,992,761
Dec 20, 2019;129.38;129.76;126.99;129.07;8,173,594,150;14,065,549,620
Dec 19, 2019;133.05;134.19;125.97;129.32;9,564,699,140;14,092,012,421
Dec 18, 2019;122.66;133.39;119.78;133.09;11,864,518,321;14,501,554,620
Dec 17, 2019;133.65;134.01;121.40;122.60;9,057,166,141;13,357,486,656
Dec 16, 2019;143.14;143.22;132.46;133.61;8,992,282,119;14,555,616,655
Dec 15, 2019;142.86;143.93;139.43;143.11;7,235,153,411;15,589,117,504
Dec 14, 2019;144.95;145.53;142.43;142.87;7,048,066,973;15,560,820,323
Dec 13, 2019;145.66;145.86;143.75;144.94;7,264,810,247;15,785,338,920
Dec 12, 2019;143.62;145.75;141.44;145.60;7,890,383,413;15,855,473,988
Dec 11, 2019;146.32;147.14;143.05;143.61;7,037,180,049;15,636,405,555
Dec 10, 2019;148.18;148.56;144.91;146.27;6,859,512,025;15,924,221,614
Dec 09, 2019;151.22;151.91;147.62;148.23;6,744,206,747;16,135,631,420
Dec 08, 2019;148.74;152.39;148.31;151.26;6,441,727,252;16,464,729,150
Dec 07, 2019;149.20;149.80;148.37;148.77;5,911,233,284;16,191,247,024
Dec 06, 2019;149.40;149.67;147.61;149.19;6,458,766,441;16,235,876,301
Dec 05, 2019;146.69;153.16;145.46;149.25;6,745,910,228;16,240,052,430
Dec 04, 2019;147.92;150.68;145.00;146.75;7,865,937,094;15,966,157,442
Dec 03, 2019;149.06;150.31;146.00;147.96;6,204,379,850;16,095,928,402
Dec 02, 2019;151.18;152.12;147.61;149.06;6,670,561,362;16,214,125,032
Dec 01, 2019;152.49;152.49;147.07;151.19;7,102,780,298;16,443,650,814
Nov 30, 2019;155.29;156.69;151.23;152.54;6,565,950,868;16,589,132,426
Nov 29, 2019;151.77;156.85;151.46;155.30;7,503,898,278;16,887,922,522
Nov 28, 2019;153.07;156.61;151.09;151.72;7,346,531,960;16,496,129,470
Nov 27, 2019;148.40;154.89;143.53;153.01;8,778,095,308;16,634,910,472
Nov 26, 2019;146.40;150.00;145.22;148.97;7,648,516,297;16,193,326,033
Nov 25, 2019;142.70;150.21;133.80;146.48;10,962,753,356;15,921,080,564
Nov 24, 2019;153.43;153.97;142.83;142.83;7,782,769,098;15,523,459,920
Nov 23, 2019;150.21;154.10;147.60;153.42;8,289,198,330;16,671,705,910
Nov 22, 2019;161.51;163.03;142.34;150.27;12,020,749,863;16,327,536,038
Nov 21, 2019;175.67;176.21;159.37;161.46;8,546,371,325;17,541,867,626
Nov 20, 2019;177.42;178.99;175.29;175.70;7,205,785,149;19,086,228,092
Nov 19, 2019;180.50;182.53;175.20;177.46;7,536,699,743;19,274,876,583
Nov 18, 2019;185.04;186.93;179.18;180.56;7,787,662,111;19,609,782,345
Nov 17, 2019;183.35;188.19;182.34;185.12;7,364,325,471;20,102,654,601
Nov 16, 2019;180.50;184.16;179.99;183.35;6,789,888,120;19,908,020,821
Nov 15, 2019;186.06;186.25;179.38;180.52;8,815,678,477;19,598,770,324
Nov 14, 2019;188.27;188.63;184.99;186.00;7,872,664,470;20,191,206,220
Nov 13, 2019;186.94;189.33;185.94;188.26;7,343,173,596;20,434,064,781
Nov 12, 2019;185.56;187.95;184.19;186.84;7,792,186,666;20,278,071,676
Nov 11, 2019;189.50;190.34;185.09;185.49;7,877,424,106;20,128,792,760
Nov 10, 2019;184.94;190.92;184.69;189.48;8,752,784,211;20,559,121,065
Nov 09, 2019;184.31;185.84;183.90;185.03;7,277,418,704;20,074,095,541
Nov 08, 2019;187.92;188.82;182.54;184.21;9,176,780,911;19,983,058,356
Nov 07, 2019;191.50;191.86;186.57;187.98;9,081,247,799;20,389,037,934
Nov 06, 2019;189.11;193.55;188.67;191.59;10,156,458,684;20,778,894,603
Nov 05, 2019;186.31;191.26;184.33;189.30;10,024,177,342;20,528,094,420
Nov 04, 2019;182.32;188.02;181.82;186.36;10,551,917,945;20,205,859,402
Nov 03, 2019;183.99;185.02;179.82;182.43;8,760,247,744;19,777,347,724
Nov 02, 2019;184.02;185.71;182.80;183.93;8,087,991,830;19,937,622,287
Nov 01, 2019;183.80;185.06;181.09;183.97;9,145,611,130;19,940,014,311
Oct 31, 2019;184.80;188.75;180.07;183.97;9,607,939,606;19,937,256,794
Oct 30, 2019;190.34;191.11;181.55;184.69;10,484,902,804;20,013,431,227
Oct 29, 2019;182.67;191.85;182.36;190.34;10,622,761,958;20,623,205,054
Oct 28, 2019;184.40;187.88;180.25;182.66;10,406,734,124;19,788,729,316
Oct 27, 2019;179.93;188.16;177.68;184.24;10,815,941,952;19,957,408,085
Oct 26, 2019;181.67;195.94;176.13;179.84;13,831,784,986;19,477,741,705
Oct 25, 2019;162.19;183.00;161.97;181.52;10,358,594,018;19,658,140,299
Oct 24, 2019;162.51;164.15;160.89;162.17;7,300,917,537;17,560,021,218
Oct 23, 2019;172.26;172.42;157.46;162.40;9,624,925,919;17,583,244,177
Oct 22, 2019;174.91;175.65;172.27;172.30;6,990,951,966;18,652,588,580
Oct 21, 2019;175.52;177.74;173.29;174.92;6,815,820,627;18,933,882,640
Oct 20, 2019;172.97;176.72;171.21;175.53;6,801,091,120;18,997,957,789
Oct 19, 2019;173.65;175.61;172.22;172.91;6,551,453,871;18,711,940,303
Oct 18, 2019;177.99;178.18;171.01;173.62;7,566,257,807;18,786,275,035
Oct 17, 2019;175.91;178.90;174.57;178.03;6,737,237,423;19,260,755,682
Oct 16, 2019;181.34;181.67;174.06;176.01;7,691,244,590;19,040,429,002
Oct 15, 2019;186.98;187.76;179.46;181.41;7,731,456,579;19,621,350,993
Oct 14, 2019;182.03;187.30;181.66;186.96;7,276,520,699;20,219,637,357
Oct 13, 2019;180.86;185.08;180.32;182.08;6,733,182,273;19,688,808,994
Oct 12, 2019;182.53;186.30;179.98;180.83;7,494,328,840;19,551,368,532
Oct 11, 2019;191.80;195.32;181.66;182.57;9,128,522,970;19,737,401,838
Oct 10, 2019;193.19;193.90;188.31;191.66;8,375,913,276;20,717,535,747
Oct 09, 2019;182.04;194.30;180.67;193.29;9,088,122,101;20,891,536,595
Oct 08, 2019;181.11;184.36;179.13;182.02;7,466,282,780;19,670,825,764
Oct 07, 2019;172.94;182.36;171.53;181.19;7,844,316,834;19,578,142,143
Oct 06, 2019;176.36;177.36;171.30;173.06;5,852,890,674;18,697,637,484
Oct 05, 2019;176.95;177.71;173.07;176.35;5,837,211,771;19,050,956,367
Oct 04, 2019;175.24;178.55;173.56;176.99;6,248,928,449;19,116,991,692
Oct 03, 2019;180.70;180.80;172.60;175.20;6,381,403,725;18,921,747,814
Oct 02, 2019;177.22;180.83;175.33;180.71;6,335,595,250;19,514,521,236
Oct 01, 2019;180.21;185.05;175.81;177.34;7,676,276,225;19,148,222,892
Sep 30, 2019;170.46;179.87;167.04;179.87;7,552,915,148;19,419,149,343
Sep 29, 2019;174.61;175.21;167.00;170.50;6,497,088,199;18,405,401,315
Sep 28, 2019;174.68;175.78;170.77;174.57;6,895,423,445;18,842,313,324
Sep 27, 2019;166.65;175.61;163.21;174.71;7,909,313,625;18,854,855,889
Sep 26, 2019;170.76;171.69;157.13;166.73;7,848,286,154;17,991,000,062
Sep 25, 2019;168.13;174.72;164.91;170.89;9,766,632,018;18,438,188,568
Sep 24, 2019;201.84;203.50;162.73;168.11;11,757,739,233;18,135,747,380
Sep 23, 2019;211.71;211.84;201.89;201.92;7,494,673,136;21,780,534,855
Sep 22, 2019;215.49;216.09;207.64;211.55;7,812,854,576;22,815,755,536
Sep 21, 2019;217.90;220.96;215.00;215.52;7,743,309,778;23,241,121,351
Sep 20, 2019;221.07;221.60;215.16;218.05;8,027,974,273;23,511,410,671
Sep 19, 2019;211.25;222.87;204.69;221.28;10,620,070,913;23,856,751,722
Sep 18, 2019;208.05;216.71;208.05;211.39;9,194,634,557;22,787,891,774
Sep 17, 2019;197.11;213.73;196.72;208.61;10,232,590,812;22,484,889,435
Sep 16, 2019;189.69;198.20;189.69;197.11;8,242,029,488;21,243,167,877
Sep 15, 2019;188.07;190.40;186.45;189.79;6,222,874,780;20,451,239,362
Sep 14, 2019;181.32;188.45;180.37;188.11;6,500,686,511;20,267,272,633
Sep 13, 2019;180.98;181.50;178.58;181.11;5,955,041,237;19,511,050,764
Sep 12, 2019;178.80;182.00;177.85;181.02;5,838,605,477;19,498,542,852
Sep 11, 2019;179.84;181.76;176.50;178.73;7,157,139,035;19,249,367,782
Sep 10, 2019;181.21;184.06;178.12;179.79;6,291,476,772;19,361,276,593
Sep 09, 2019;181.36;184.15;177.42;181.15;7,232,938,985;19,505,534,124
Sep 08, 2019;178.28;182.98;178.14;181.36;6,472,677,266;19,525,276,831
Sep 07, 2019;169.96;180.85;169.44;178.26;6,791,531,342;19,189,873,689
Sep 06, 2019;174.17;177.72;168.34;169.96;6,797,611,878;18,293,376,881
Sep 05, 2019;175.97;176.16;171.75;174.22;5,589,476,516;18,749,645,579
Sep 04, 2019;179.49;180.14;175.33;175.99;5,938,120,494;18,938,360,723
Sep 03, 2019;178.36;182.35;175.97;179.50;6,962,728,938;19,313,265,198
Sep 02, 2019;171.70;180.15;170.45;178.35;6,503,447,137;19,186,913,439
Sep 01, 2019;172.46;173.70;169.53;171.63;5,554,799,576;18,461,846,968
Aug 31, 2019;168.89;174.32;167.80;172.47;5,830,212,249;18,549,906,272
Aug 30, 2019;169.49;170.77;167.07;168.83;5,776,520,220;18,156,660,601
Aug 29, 2019;173.96;174.00;167.17;169.52;7,129,569,083;18,227,677,831
Aug 28, 2019;187.50;187.93;172.19;173.89;6,696,604,087;18,695,530,287
Aug 27, 2019;188.95;188.96;185.47;187.52;6,042,327,402;20,158,029,984
Aug 26, 2019;186.74;193.44;186.74;188.93;7,207,986,636;20,307,338,403
Aug 25, 2019;191.23;192.16;184.96;186.84;5,826,017,143;20,080,495,261
Aug 24, 2019;194.67;194.78;187.63;191.29;6,249,737,982;20,555,802,874
Aug 23, 2019;191.11;195.91;189.56;194.71;6,658,162,377;20,920,364,879
Aug 22, 2019;186.94;194.42;183.38;191.33;7,569,043,874;20,555,295,233
Aug 21, 2019;196.62;197.03;182.69;186.89;7,775,772,700;20,075,644,245
Aug 20, 2019;202.81;203.02;195.62;196.57;6,408,417,610;21,112,106,339
Aug 19, 2019;194.56;203.56;193.11;203.09;6,145,148,692;21,810,324,618
Aug 18, 2019;185.84;197.52;183.69;194.49;5,969,012,024;20,884,307,088
Aug 17, 2019;185.53;186.70;182.59;185.69;5,512,696,513;19,936,235,953
Aug 16, 2019;188.64;188.91;180.38;185.44;7,133,915,837;19,907,120,204
Aug 15, 2019;186.68;189.46;178.14;188.50;8,197,244,441;20,233,249,251
Aug 14, 2019;208.60;209.07;186.33;186.61;7,444,456,154;20,027,397,541
Aug 13, 2019;211.34;211.38;205.42;208.71;5,946,313,205;22,396,531,009
Aug 12, 2019;216.06;216.14;210.95;211.29;5,674,315,559;22,670,420,643
Aug 11, 2019;206.73;216.60;206.51;216.09;6,440,605,605;23,183,002,869
Aug 10, 2019;210.53;213.73;203.79;206.73;6,584,748,527;22,176,113,561
Aug 09, 2019;220.91;221.36;208.25;210.49;6,964,818,795;22,576,055,651
Aug 08, 2019;226.52;226.77;216.52;220.94;6,713,525,644;23,694,202,562
Aug 07, 2019;225.93;229.66;222.78;226.39;7,020,342,210;24,275,514,217
Aug 06, 2019;234.25;239.12;223.55;226.02;7,647,742,672;24,232,708,406
Aug 05, 2019;222.65;235.64;222.60;234.22;7,765,060,287;25,108,076,876
Aug 04, 2019;222.58;224.23;218.49;222.67;5,238,542,572;23,867,371,249
Aug 03, 2019;217.90;224.62;217.33;222.49;5,697,798,687;23,845,116,864
Aug 02, 2019;217.88;222.18;215.98;217.87;6,159,440,229;23,347,127,327
Aug 01, 2019;218.55;218.81;212.91;217.81;5,965,442,642;23,337,361,749
Jul 31, 2019;210.49;218.65;210.44;218.65;6,003,828,340;23,425,015,630
Jul 30, 2019;211.34;213.61;206.87;210.52;5,489,918,859;22,551,013,736
Jul 29, 2019;211.12;213.93;208.76;211.27;5,485,190,664;22,627,969,069
Jul 28, 2019;207.41;212.04;202.25;211.19;5,504,887,934;22,616,386,468
Jul 27, 2019;219.62;223.52;204.90;207.41;6,257,703,908;22,208,955,063
Jul 26, 2019;219.63;220.24;214.13;219.63;5,729,852,178;23,514,586,698
Jul 25, 2019;216.97;224.25;216.14;219.62;6,731,281,160;23,510,336,984
Jul 24, 2019;212.55;217.54;203.89;217.05;7,168,982,843;23,232,101,232
Jul 23, 2019;217.57;218.52;209.64;212.73;6,976,091,534;22,767,023,810
Jul 22, 2019;225.70;226.86;213.45;217.56;6,338,843,919;23,281,138,563
Jul 21, 2019;229.17;229.86;219.03;225.63;6,685,082,868;24,141,704,293
Jul 20, 2019;221.41;234.20;221.19;229.12;7,976,245,988;24,511,869,214
Jul 19, 2019;226.66;226.94;215.84;221.33;7,606,433,131;23,675,884,534
Jul 18, 2019;211.44;229.24;208.04;226.57;9,327,816,059;24,232,572,603
Jul 17, 2019;199.07;217.98;193.99;211.48;9,387,747,640;22,616,651,114
Jul 16, 2019;229.75;234.51;197.38;199.19;9,036,620,494;21,298,941,499
Jul 15, 2019;227.97;235.03;210.39;229.78;9,723,674,244;24,566,488,597
Jul 14, 2019;269.28;269.64;227.27;227.58;8,578,339,386;24,328,422,207
Jul 13, 2019;276.29;276.69;263.07;269.46;6,716,829,429;28,801,816,023
Jul 12, 2019;268.69;278.86;268.00;276.28;8,148,936,015;29,526,802,979
Jul 11, 2019;289.95;290.02;266.09;268.70;10,216,287,022;28,713,849,048
Jul 10, 2019;308.85;313.07;285.57;290.00;11,679,985,167;30,985,827,113
Jul 09, 2019;313.33;318.22;305.29;308.88;10,055,159,803;32,998,749,928
Jul 08, 2019;305.73;314.27;303.50;313.25;9,078,905,628;33,461,369,498
Jul 07, 2019;287.60;310.14;286.11;305.70;8,119,724,981;32,650,611,906
Jul 06, 2019;287.89;295.99;286.67;287.55;7,674,615,025;30,707,785,756
Jul 05, 2019;284.38;293.92;282.69;288.00;8,723,493,015;30,751,916,427
Jul 04, 2019;303.03;303.96;282.77;284.52;8,403,513,106;30,377,082,394
Jul 03, 2019;291.76;303.34;291.40;303.10;9,926,711,979;32,356,299,765
Jul 02, 2019;293.54;295.66;272.60;291.60;10,618,413,952;31,124,332,021
Jul 01, 2019;290.27;301.03;280.02;293.64;10,292,223,948;31,338,571,563
Jun 30, 2019;319.58;322.79;290.70;290.70;10,303,111,000;31,020,295,932
Jun 29, 2019;311.28;322.04;294.75;320.06;10,929,374,565;34,149,263,832
Jun 28, 2019;294.14;313.03;292.94;311.23;11,514,656,820;33,202,586,960
Jun 27, 2019;336.96;343.43;278.57;294.27;14,038,092,503;31,389,390,615
Jun 26, 2019;317.99;361.40;315.95;336.75;16,437,084,081;35,916,727,561
Jun 25, 2019;310.68;318.13;307.64;318.13;9,641,764,965;33,925,713,000
Jun 24, 2019;307.72;312.33;299.56;310.42;8,205,712,062;33,100,160,024
Jun 23, 2019;309.42;318.57;305.76;307.83;8,161,062,380;32,819,043,043
Jun 22, 2019;295.12;315.19;294.73;309.38;10,613,731,255;32,980,338,717
Jun 21, 2019;271.74;295.30;271.74;294.91;9,331,694,140;31,433,771,859
Jun 20, 2019;269.41;274.07;265.50;271.70;6,408,981,097;28,955,655,290
Jun 19, 2019;265.06;270.33;264.75;269.43;5,516,510,947;28,710,780,975
Jun 18, 2019;274.32;274.32;263.14;265.05;6,205,242,504;28,240,458,529
Jun 17, 2019;269.09;275.44;268.35;274.35;6,009,795,781;29,227,567,867
Jun 16, 2019;268.90;278.14;265.54;269.22;9,676,746,453;28,677,606,760
Jun 15, 2019;263.93;271.51;262.12;269.02;8,126,853,944;28,652,203,067
Jun 14, 2019;256.18;265.37;254.15;264.09;8,676,891,267;28,123,338,884
Jun 13, 2019;260.91;262.16;255.60;256.17;8,442,077,836;27,276,572,627
Jun 12, 2019;245.93;261.02;244.49;260.90;8,645,598,618;27,777,154,177
Jun 11, 2019;247.86;248.66;239.83;245.78;7,382,269,700;26,163,906,569
Jun 10, 2019;232.83;247.66;229.34;247.52;8,141,159,848;26,345,596,475
Jun 09, 2019;245.54;245.97;229.26;233.09;7,566,421,456;24,806,123,509
Jun 08, 2019;251.25;252.38;243.23;245.74;7,225,996,863;26,149,221,979
Jun 07, 2019;249.34;254.35;246.60;250.93;8,379,534,528;26,698,353,830
Jun 06, 2019;246.93;249.94;238.50;249.47;8,265,146,806;26,540,057,659
Jun 05, 2019;241.50;248.14;239.98;247.05;8,548,917,062;26,278,874,480
Jun 04, 2019;252.51;252.51;236.13;241.34;10,132,549,747;25,667,971,281
Jun 03, 2019;270.09;270.33;251.26;252.61;9,375,712,917;26,863,086,906
Jun 02, 2019;265.51;272.81;265.04;270.23;8,744,111,713;28,732,949,885
Jun 01, 2019;268.43;273.56;263.52;265.39;9,942,869,852;28,215,330,784
May 31, 2019;256.02;268.66;249.11;268.11;11,255,023,515;28,501,098,831
May 30, 2019;269.55;287.20;247.35;255.86;13,604,268,584;27,194,892,741
May 29, 2019;271.78;273.76;263.09;269.46;9,819,132,174;28,636,457,373
May 28, 2019;272.59;274.32;267.51;271.77;10,362,846,898;28,878,512,607
May 27, 2019;267.14;278.51;265.44;272.86;12,074,664,736;28,991,071,396
May 26, 2019;251.72;269.17;247.25;267.07;9,664,267,731;28,371,943,145
May 25, 2019;249.69;257.36;249.09;251.76;8,924,985,385;26,742,086,786
May 24, 2019;245.99;255.26;243.24;249.48;9,929,433,206;26,497,014,858
May 23, 2019;244.67;247.62;233.79;245.97;10,671,663,487;26,119,891,327
May 22, 2019;255.00;258.80;242.73;244.70;9,818,257,463;25,982,060,192
May 21, 2019;251.65;262.11;248.20;255.22;11,545,049,593;27,095,257,004
May 20, 2019;261.27;261.55;241.80;251.86;10,834,541,285;26,736,046,292
May 19, 2019;234.45;263.74;233.76;261.29;12,049,250,894;27,733,299,057
May 18, 2019;243.91;246.36;233.10;234.60;10,933,142,646;24,896,520,187
May 17, 2019;263.85;266.98;227.77;243.76;16,037,551,694;25,866,318,005
May 16, 2019;246.94;275.39;245.80;264.01;18,661,465,873;28,010,958,253
May 15, 2019;217.01;247.45;216.82;247.15;13,460,006,534;26,219,111,162
May 14, 2019;196.74;217.87;196.05;217.15;12,751,049,755;23,033,114,137
May 13, 2019;187.42;205.10;185.31;196.85;10,367,149,039;20,876,934,045
May 12, 2019;194.16;201.88;183.65;187.33;10,326,050,090;19,864,635,091
May 11, 2019;173.14;203.47;173.14;194.30;12,578,331,654;20,602,050,120
May 10, 2019;170.31;175.89;168.99;173.14;8,036,919,053;18,355,936,406
May 09, 2019;170.95;172.88;167.25;170.29;6,546,914,198;18,051,087,500
May 08, 2019;169.90;172.18;166.41;170.95;6,416,569,598;18,118,602,844
May 07, 2019;172.43;180.39;169.69;169.80;8,411,140,170;17,994,460,619
May 06, 2019;163.34;175.76;159.99;172.65;7,540,096,853;18,294,624,766
May 05, 2019;164.02;165.40;159.70;163.45;5,938,415,562;17,317,292,591
May 04, 2019;167.89;170.65;161.79;164.03;6,658,100,049;17,376,070,198
May 03, 2019;162.08;170.07;161.08;167.95;7,299,410,672;17,789,626,262
May 02, 2019;160.85;162.94;160.06;162.12;6,044,171,062;17,169,962,760
May 01, 2019;162.19;164.06;159.66;160.82;5,789,172,433;17,029,616,915
