,Txn Hash,UnixTimestamp,Date Time (UTC),Action,Buyer,NFT,Token ID,Type,Quantity,Price,Market
0,0x6cf2f2175042fd530cf9451912bb64df541b0ff8f5f0626c91e313a05f2c8c96,1599330758,2020-09-05 18:32:38,Bid Won,0x08ceb8bba685ee708c9c4c65576837cbe19b9dea,Async Art,551,721,1,460 DAI ,OpenSea
1,0xe92ba6d31a12a0b82d461c7a290b427c264c0d141fa47bc1547db585c0cd36c2,1599332565,2020-09-05 19:02:45,Bid Won,0x9671a3fbbfb13d68e5770afed424f8915ea0ada3,Async Art,553,721,1,450 DAI ,OpenSea
2,0x787887283aac2117a1373c54ab737890726386b6026208bad1d9bd7ea8784b93,1606103493,2020-11-23 03:51:33,Bought,0x6e7cacc6f2b49dfb980663bf2bb014046ac45320,Async Art,549,721,1,"2,500 DAI ",OpenSea
3,0x0950f59d4e86d95d8d752f8c7e29667a16fad90cbe71f2062fa332563b599d29,1610268825,2021-01-10 08:53:45,Bought,0x6853a596d6d7264d3622546da3b891b6fe17eb82,Async Art,550,721,1,250 DAI ,OpenSea
4,0x8b4e64fa92a8e56d06e96a2ed5e1e2f4df384f4c72883eb1811f65380a5ab557,1610268938,2021-01-10 08:55:38,Bought,0x6853a596d6d7264d3622546da3b891b6fe17eb82,Async Art,552,721,1,250 DAI ,OpenSea
5,0xe96d047da01d72ebbcb2b3f542d75fc87314b7323cbfe77eb468be7f2c6e9d9b,1610268993,2021-01-10 08:56:33,Bought,0x6853a596d6d7264d3622546da3b891b6fe17eb82,Async Art,554,721,1,250 DAI ,OpenSea
6,0x7e52eb889f8387963b415a059935373d6ff151fe7248d142630e02e6dcd667e9,1611634845,2021-01-26 04:20:45,Bought,0x290fbe4d4745f6b5267c209c92c8d81cebb5e9f0,Async Art,303,721,1,"3.25 ETH ($4,446.72)",OpenSea
7,0x8b921c0107104965ebf73926b9900deb20bb21885e4068804028af4e27378f90,1613953947,2021-02-22 00:32:27,Bought,0xdae6ca75bb2afd213e5887513d8b1789122eaaea,Async Art,977,721,1,0.3 ETH ($533.42),OpenSea
8,0xe8fb3b6f5f257f854feacd20907661dd8d3c29f90f8e6d00c571b1f4b859cd35,1614663077,2021-03-02 05:31:17,Bought,0x47d5717f86c95a43a90c6eac3b91152bcc71315c,Async Art,565,721,1,0.3 ETH ($446.60),OpenSea
9,0x82782e56d789b04e5589aa904ef15dae5c106bb9abcdfed656194594039af109,1615667998,2021-03-13 20:39:58,Bid Won,0x1a5b3eb121846c9505e271067f6fef7fa7ebb5f1,Async Art,551,721,1,"0.75 WETH ($1,440.89)",OpenSea
10,0xf2d906aa72267c71af67f646aee4f73cb7caa3e890edb08a402868722862d88d,1616808813,2021-03-27 01:33:33,Bought,0x760aafc261881f1bb0587ef76f0db9c592f7337e,Async Art,425,721,1,"1.25 ETH ($2,142.43)",OpenSea
11,0x5c87527d85010f9f2d55ef720befccea89a9c8e2c3a4e1b563a6f5e7a1e4a0f3,1616816217,2021-03-27 03:36:57,Bought,0x46714a02b7cb0c13112b0c555b1e21d06579c92e,Async Art,1210,721,1,"1.5 ETH ($2,570.91)",OpenSea
12,0xe20677ced80a6a5f240a5cfc3735a26b78086dcadf3df5d1da76e4251b2a79a0,1617326919,2021-04-02 01:28:39,Bought,0x47d5717f86c95a43a90c6eac3b91152bcc71315c,Async Art,944,721,1,"2.15 ETH ($4,589.09)",OpenSea
13,0x123aeab94f5a174b2ebe4a4444603fc1efa6a1256987d544263d0d318976a699,1617961552,2021-04-09 09:45:52,Bought,0x855895aae08d1751c3f8a416230eb989099ff517,Async Art,875,721,1,0.01 ETH ($20.67),OpenSea
14,0xb17d7db4f3567e7cfa0a6a51e3a152b39a045d63d4c31fbe94d1f8892d89e0e2,1618004496,2021-04-09 21:41:36,Bought,0x18c6a47aca1c6a237e53ed2fc3a8fb392c97169b,Async Art,696,721,1,0 ETH ,OpenSea
15,0x701e2ccfc37aeaa321b07c1c6c3d1de498cea81bb2c4185a8da77fbc09a1f8d2,1622327866,2021-05-29 22:37:46,Bid Won,0x4375e38ab575e63b5247b4330c4d9fe93172af2d,Async Art,1709,721,1,"1.05 WETH ($2,392.51)",OpenSea
16,0xa1658c838f3f687e10d1d1dd02634ffcbd03c29981131ecf46abe09258d444ed,1622328051,2021-05-29 22:40:51,Bid Won,0x762da606029d3120735aa1eec15464e265db7a3c,Async Art,1708,721,1,"1.25 WETH ($2,848.23)",OpenSea
17,0xb702e217248111ff48eb949c74a6abe86547d0ed1dbcc4223ec7028f65a7b684,1622328691,2021-05-29 22:51:31,Bid Won,0x762da606029d3120735aa1eec15464e265db7a3c,Async Art,1707,721,1,"1.25 WETH ($2,848.23)",OpenSea
18,0x8e13a0ebb2cdc2f9506b7fd17bbf4d9ae6649efe82a24e9dae6349b9c013f53a,1622331039,2021-05-29 23:30:39,Bid Won,0xab61903ee0a18780129c345a1264d78bb39a97cd,Async Art,1706,721,1,"2.5 WETH ($5,696.45)",OpenSea
19,0x9f5865bc4b46199e5fe93809732c316b21b0b613f5ec3ed1e3944e3dd7ec49e7,1622331143,2021-05-29 23:32:23,Bid Won,0xab61903ee0a18780129c345a1264d78bb39a97cd,Async Art,1705,721,1,"1.43 WETH ($3,258.37)",OpenSea
20,0x5f4d7a0bdfa541d026928bedc6fa5f7530bb7379084eb41973abb263213cd9b6,1622331174,2021-05-29 23:32:54,Bid Won,0xab61903ee0a18780129c345a1264d78bb39a97cd,Async Art,1704,721,1,"1.1 WETH ($2,506.44)",OpenSea
21,0x62a27a09e8ad044d45156a4a71d8a956d30f206e91184c3ee9880e3bec26fa71,1622331334,2021-05-29 23:35:34,Bid Won,0x98ed231428088eb440e8edb5cc8d66dcf913b86e,Async Art,1703,721,1,"1 WETH ($2,278.58)",OpenSea
22,0x5604475bf40a2781b6e5a2c847a4ecaf13ae0b2b90450394f3a1f96f562dcbbf,1622332256,2021-05-29 23:50:56,Bid Won,0x519064aadb6b2db7dd5476db42011e7a37772d6d,Async Art,1702,721,1,"1.39 WETH ($3,167.23)",OpenSea
23,0x4da7bd4716dd6b9edb642887600a2d769a6f3fe46eef6b297eda16417f65a838,1622332334,2021-05-29 23:52:14,Bid Won,0x98ed231428088eb440e8edb5cc8d66dcf913b86e,Async Art,1701,721,1,"1.5 WETH ($3,417.87)",OpenSea
24,0x1bd12d9e893333ac4c2f322d019cc283ddd22f9cbe83ae93407c47b70cd86053,1622332848,2021-05-30 00:00:48,Bid Won,0x762da606029d3120735aa1eec15464e265db7a3c,Async Art,1700,721,1,"11 WETH ($26,256.01)",OpenSea
25,0x811d2310812ba844875805d0b606dab4ade8a1a96eeb027b4a6bd805738e78f5,1622421227,2021-05-31 00:33:47,Bid Won,0x762da606029d3120735aa1eec15464e265db7a3c,Async Art,1719,721,1,"3 WETH ($8,122.14)",OpenSea
26,0xcdefe7b9a886124323a3bb7a079a348dced3febd822c0f043986ba5f64437b72,1622421505,2021-05-31 00:38:25,Bid Won,0x1a5b3eb121846c9505e271067f6fef7fa7ebb5f1,Async Art,1722,721,1,"0.5 WETH ($1,353.69)",OpenSea
27,0xb85fd46e9614d1c726db87b2cfb6d99047ecd46476cb0ad47d663eb55c6ec327,1622421546,2021-05-31 00:39:06,Bid Won,0x762da606029d3120735aa1eec15464e265db7a3c,Async Art,1721,721,1,"0.5 WETH ($1,353.69)",OpenSea
28,0x4045107e26c95555dcf6db5029e19937943b58bd65182edb484b3d4e3041b786,1622421760,2021-05-31 00:42:40,Bid Won,0x762da606029d3120735aa1eec15464e265db7a3c,Async Art,1720,721,1,"0.5 WETH ($1,353.69)",OpenSea
29,0xa5c38a15fe6bc9c8f84fecc8a2363f03acb28f684f476eb5c2c28aba2938cbd7,1622658707,2021-06-02 18:31:47,Bid Won,0xb630abd9a5367763b7cba316e870c4a54064cc9f,Async Art,1710,721,1,"1 WETH ($2,706.52)",OpenSea
30,0x322861e16c34616638e012b61acf0e43e5ef902690e044a8f42d9556db6080ac,1624555369,2021-06-24 17:22:49,Bought,0x9af481276b075e036bc23e887a8bd275e69ef74c,Async Art,1791,721,1,"1,111.111111 USDC ",OpenSea
31,0x322861e16c34616638e012b61acf0e43e5ef902690e044a8f42d9556db6080ac,1624555369,2021-06-24 17:22:49,Bought,0x9af481276b075e036bc23e887a8bd275e69ef74c,Async Art,1792,721,1,"1,111.111111 USDC ",OpenSea
32,0x322861e16c34616638e012b61acf0e43e5ef902690e044a8f42d9556db6080ac,1624555369,2021-06-24 17:22:49,Bought,0x9af481276b075e036bc23e887a8bd275e69ef74c,Async Art,1793,721,1,"1,111.111111 USDC ",OpenSea
33,0x322861e16c34616638e012b61acf0e43e5ef902690e044a8f42d9556db6080ac,1624555369,2021-06-24 17:22:49,Bought,0x9af481276b075e036bc23e887a8bd275e69ef74c,Async Art,1794,721,1,"1,111.111111 USDC ",OpenSea
34,0x322861e16c34616638e012b61acf0e43e5ef902690e044a8f42d9556db6080ac,1624555369,2021-06-24 17:22:49,Bought,0x9af481276b075e036bc23e887a8bd275e69ef74c,Async Art,1795,721,1,"1,111.111111 USDC ",OpenSea
35,0x322861e16c34616638e012b61acf0e43e5ef902690e044a8f42d9556db6080ac,1624555369,2021-06-24 17:22:49,Bought,0x9af481276b075e036bc23e887a8bd275e69ef74c,Async Art,1796,721,1,"1,111.111111 USDC ",OpenSea
36,0x322861e16c34616638e012b61acf0e43e5ef902690e044a8f42d9556db6080ac,1624555369,2021-06-24 17:22:49,Bought,0x9af481276b075e036bc23e887a8bd275e69ef74c,Async Art,1797,721,1,"1,111.111111 USDC ",OpenSea
37,0x322861e16c34616638e012b61acf0e43e5ef902690e044a8f42d9556db6080ac,1624555369,2021-06-24 17:22:49,Bought,0x9af481276b075e036bc23e887a8bd275e69ef74c,Async Art,1798,721,1,"1,111.111111 USDC ",OpenSea
38,0x322861e16c34616638e012b61acf0e43e5ef902690e044a8f42d9556db6080ac,1624555369,2021-06-24 17:22:49,Bought,0x9af481276b075e036bc23e887a8bd275e69ef74c,Async Art,1799,721,1,"1,111.111111 USDC ",OpenSea
39,0xbb8e4152b43ffbeb62157402f05f6b435e383c928c6928e41ad67e47ef8502aa,1624926813,2021-06-29 00:33:33,Bid Won,0x18c6a47aca1c6a237e53ed2fc3a8fb392c97169b,Async Art,749,721,1,0.25 WETH ($541.40),OpenSea
40,0x8c2408984010f2f9f9c24beb8555ef836a14e75508cd6185adcd4ecbccfe31b6,1627577674,2021-07-29 16:54:34,Bought,0x42a60d2f2ffa2150c568010a8d425f0aad284fd2,Async Art,2372,721,1,0.25 ETH ($595.81),OpenSea
41,0xaf2189867a0664a26a104daef820a5a755c7f194afc7033e660346c50f6fe18e,1628105860,2021-08-04 19:37:40,Bought,0x9b448c02ed787ed3ff6b345d9f0a74aefbe5906f,Async Art,2609,721,1,0.25 ETH ($681.43),OpenSea
42,0xea5da129a98b692f12286b600c7a99ac852bc9314b81cf238e64ddcda2baed0f,1629629380,2021-08-22 10:49:40,Bid Won,0x724b1f593df5fe585e55e5898833a5cc200ea9be,Async Art,2863,721,1,0.1 WETH ($324.17),OpenSea
43,0x3c5ed728997ee786f585eb0b7bd4a4064c6c65fa7c33fa861f79cadd0331067f,1629827263,2021-08-24 17:47:43,Bought,0x4d33d84f667f22644b09f501f09ccbd3e876c68e,Async Art,2923,721,1,0.2 ETH ($634.51),OpenSea
44,0xf1b4f8fb40a359aa01fe9dc3b59e143ea050f0ae94b141b73094b6b4e26e4260,1629829734,2021-08-24 18:28:54,Bid Won,0x93bac2d497e3479f0e975ead408ef15beb151232,Async Art,2701,721,1,0.2 WETH ($634.51),OpenSea
45,0x426e9e79a066ba5543dddf800057489baf702593ce75ad24f22ef3bdf4621819,1629892919,2021-08-25 12:01:59,Bought,0x75331ebbe0b00b97cab532384f13c9b479f074ec,Async Art,2411,721,1,"1.618 ETH ($5,224.30)",OpenSea
46,0x1184d90539a3fa5c4730e3454a7b16b2189afe2bfc1f7397b011792487b23389,1629930773,2021-08-25 22:32:53,Bought,0x19acbe9603c385fa2395127af4129d499787415f,Async Art,413,721,1,"2.5 ETH ($8,072.15)",OpenSea
47,0x04afa8b6e1aeb91194ed4dae1f530e476cebce310f5010584ca3f2d593ce5b2d,1629934182,2021-08-25 23:29:42,Bid Won,0xa70276b553fc7851b9cd57aeaaa0308462c55419,Async Art,2932,721,1,0.15 WETH ($484.33),OpenSea
48,0xd02573b25c539c75df841002f97fe36a0d1db755386e0311ca9410b33fa8c916,1629973641,2021-08-26 10:27:21,Bought,0xcb70265a64393687ed45b895d07949d843d786e0,Async Art,2778,721,1,0.15 ETH ($464.04),OpenSea
49,0x6fb1aba924fc1fec41a1d7766c02f8565f866671c07c26a9271739e3d2db4227,1629987311,2021-08-26 14:15:11,Bought,0x1a86c1b2727cb9f5f077b47314312bb036f1a0cb,Async Art,2579,721,1,0.15 ETH ($464.04),OpenSea
50,0xd8bb47512152d74beb7a0a425e4174cde3cc054a7367788c310d6cc01e8868e9,1629992427,2021-08-26 15:40:27,Bought,0x62e5f581db2d03928e5f318ec332368bf1bc7567,Async Art,1032,721,1,0.19 ETH ($587.79),OpenSea
51,0x47f93fcfa6cc2201283acaea713afff5344c8e0c699cd959fa05f1bac3936798,1630037969,2021-08-27 04:19:29,Bought,0x4df9693b9822709016d9c79c7d80de801a7adc34,Async Art,2358,721,1,0.1 ETH ($327.59),OpenSea
52,0xa8e8a5da263b228aaed03e57678b124c46f231b39f01ef79a1d21bde419f7993,1630038042,2021-08-27 04:20:42,Bought,0x4df9693b9822709016d9c79c7d80de801a7adc34,Async Art,2595,721,1,0.15 ETH ($491.38),OpenSea
53,0xf4940b472411fe051127f434e814d39aa303ee0ad9165d9fc1cd185c39bc1436,1630039579,2021-08-27 04:46:19,Bought,0x96236adb640ec620a85898378375cedf03ca21ff,Async Art,1374,721,1,"0.5 ETH ($1,637.94)",OpenSea
54,0xb590585e0536aa0c110579564de260bc059d0d298c8922ef068fe4e3f934f9b0,1630041857,2021-08-27 05:24:17,Bought,0x3f219541471d0ef0eb2ebc5c100341d6ac9d903c,Async Art,2335,721,1,0.19 ETH ($622.42),OpenSea
55,0x56b6869ae8b8349f0aabbaaffdc27ac02b8461c502fd805c7978b861905332bf,1630145746,2021-08-28 10:15:46,Bid Won,0xccd44e68ca6836ca296d6052cde58913fd2bbd8c,Async Art,2864,721,1,0.1 WETH ($324.68),OpenSea
56,0x63f663470eeac6074cf26dfdce1c99ed3434a121254600347a3456892848ee64,1630166425,2021-08-28 16:00:25,Bought,0x704b9aef9db248b9edd729245466b614c2a90750,Async Art,2358,721,1,0.15 ETH ($487.02),OpenSea
57,0x866f1c4c929dc3df42622df758dccea611cd90d81d315ead13276fb9d72ad68c,1630167095,2021-08-28 16:11:35,Bought,0x87cb6469b8d4de67220d306529bedff53a319264,Async Art,2595,721,1,0.25 ETH ($811.70),OpenSea
58,0x28750e2cb27619a61365077b830610c417261a2ef4ad690c42404642388f1275,1630173836,2021-08-28 18:03:56,Bought,0x3d0de4563043228eee85ae44fd948963288f8c5d,Async Art,2787,721,1,0.2 ETH ($649.36),OpenSea
59,0x74a7e80da3210c7a7ce76f55728bd4805e05e177c9cf30f6897d54519e40dcd5,1630211282,2021-08-29 04:28:02,Bought,0xe55e49259acf0ce584199ae1be67e0e4a5f2b889,Async Art,2787,721,1,"0.39 ETH ($1,257.87)",OpenSea
60,0xb32064e4c8f36ca5d67d4afb84e1a6ca8c8de9a4f8adcc7243d08585f2cc3869,1630354195,2021-08-30 20:09:55,Bought,0x6b67623ff56c10d9dcfc2152425f90285fc74ddd,Async Art,447,721,1,"33 ETH ($106,539.18)",OpenSea
61,0x90774d79d74382e67b6acc84a7804218770905f623183ea3b1d55704c4ac14c7,1630377310,2021-08-31 02:35:10,Bought,0xf5e352b0b467fb99d465b0955b89167f4df14e1f,Async Art,3094,721,1,"1.2 ETH ($4,122.20)",OpenSea
62,0x0dd0916552eafd800777300bc5612a88d7c058e60a65c79aa4972195a9d0e4c7,1630434500,2021-08-31 18:28:20,Bought,0xdeaac96b3f3c73463034b7747eb568aebb630c79,Async Art,3219,721,1,0.2 ETH ($687.03),OpenSea
63,0xd85c486acbaea2372b26b3abe6d6657af5114cc09069a94c71422e835e1723dd,1630484118,2021-09-01 08:15:18,Bought,0x38a161d47f01b375f505fcb13e73a315819c7eb3,Async Art,430,721,1,"2.5 ETH ($9,572.95)",OpenSea
64,0x66b65996cb3d6d9cb78a8b07c1c6d65689c3fa021337c7b7f5dfa75221aa265e,1630579003,2021-09-02 10:36:43,Bought,0xae48f64abeaa92618b8180c0fd33caebfed42f2b,Async Art,413,721,1,"2.5 ETH ($9,469.25)",OpenSea
65,0x450c4dff0c81093f0ef4ddb13ee32fe90995c562dde57f12c5e05a4c23cce4e0,1630648683,2021-09-03 05:58:03,Bid Won,0x0f6613d343a87da4513eb4cf6a873f0203c5c67c,Async Art,3154,721,1,0.1 WETH ($393.98),OpenSea
66,0x0966e18a10d86f6d0bf24de2506b873a0958cdfce0cc316cca8b1eea1f3863eb,1630741669,2021-09-04 07:47:49,Bought,0x16dfd5a87f44c91a3d2e800f05a774c6b3a6c418,Async Art,3290,721,1,0.15 ETH ($583.05),OpenSea
67,0x91c64807ceb9e42dcf25b0517da6ee7767f78ae01e8362b59c9d56b3d6b09867,1630799770,2021-09-04 23:56:10,Bought,0x9293c35d6e1524609b7221a1c9a8d52dc81ba62c,Async Art,469,721,1,"38 ETH ($147,706.38)",OpenSea
68,0x624e12dc5a5bbf5991b43d797c9cee1ecb08ea9498efd2e4dc7e3e9459e75d3d,1630799839,2021-09-04 23:57:19,Bought,0x9293c35d6e1524609b7221a1c9a8d52dc81ba62c,Async Art,448,721,1,"50 ETH ($194,350.50)",OpenSea
69,0x6eedc74a42f906366c011845c307d0ff374a56fc4fcc8451bf11d277fbce9fdf,1630801396,2021-09-05 00:23:16,Bought,0x7eabfe610657218bb4fd5620ed699b14de305412,Async Art,419,721,1,"2.8 ETH ($11,066.52)",OpenSea
70,0x69e395c6f890e956356c2bef80aa291e65001e3bc543ef82532641b6a945cdb8,1630808235,2021-09-05 02:17:15,Bought,0xf9760c0bfd1ff6f788235e8943aa840b7db31f88,Async Art,2579,721,1,0.2 ETH ($790.47),OpenSea
71,0xd30e67ee8d054ed8bf75c6c049d9c1e9f795d4683a068db00d058f1ae5a6959b,1630809342,2021-09-05 02:35:42,Bought,0x651aa79fce21d4b2665f539796de433a96222833,Async Art,3309,721,1,0.2 ETH ($790.47),OpenSea
72,0x67d7f106b91c2abdd9ef2082eb002d9c5dfd1dfd2be52f21e680e1d76f1dcaaa,1630810296,2021-09-05 02:51:36,Bought,0x4252eba22f51fa914d3d3593700ba023716ff223,Async Art,508,721,1,0.2 ETH ($790.47),OpenSea
73,0x950e56d90524d2e42a29cfa3c3c07bfef3af3134c46cc5fbe47cdcbae4734f81,1630817040,2021-09-05 04:44:00,Bid Won,0x035765fee26772b76cb03f5a7c198b3ccb97a5b5,Async Art,2208,721,1,0.106 WETH ($418.95),OpenSea
74,0x15a190925479cb13d0e61791020101649c0b3f881b8b8db20866ce3d03426e64,1630817228,2021-09-05 04:47:08,Bid Won,0x035765fee26772b76cb03f5a7c198b3ccb97a5b5,Async Art,2266,721,1,0.106 WETH ($418.95),OpenSea
75,0xb034482616b860c4231aad64b3b97f9d8601ee44897b04ad825d4bfb8f11b0e5,1630820638,2021-09-05 05:43:58,Bought,0x4c981c102137db47a62b260164cd7540828181fd,Async Art,2264,721,1,0.1 ETH ($395.23),OpenSea
76,0x836d642cffaab6866d9c95690acd7fb39a34055aa59a324f55eb2dac46bcd28e,1630820758,2021-09-05 05:45:58,Bought,0xf8341e58cf60a892ab6029b0db6e0761aa3ae840,Async Art,2265,721,1,0.105 ETH ($414.99),OpenSea
77,0x59dd2b129db1ec4c77aaa2a7fcc4e9c91bb38411d76035fda8232bceeb194d4d,1630822791,2021-09-05 06:19:51,Bought,0x58e5981593a25ea79823aaeec437cb09c7438f0a,Async Art,2115,721,1,0.104 ETH ($411.04),OpenSea
78,0x3a68fe8bb97ff8ec63c365fe249af6ef5eb01568d367afcbc58c6391df6332ea,1630823185,2021-09-05 06:26:25,Bought,0x58e5981593a25ea79823aaeec437cb09c7438f0a,Async Art,2266,721,1,0.18 ETH ($711.42),OpenSea
79,0xbe12264c0b7ca77171213c3d8dbbdb0154f26827bc26ac6867f769554e9b15b8,1630824039,2021-09-05 06:40:39,Bought,0x651a0b4a8904575e4ec56a7b53c89ea6226dfa99,Async Art,2086,721,1,0.2 ETH ($790.47),OpenSea
80,0x7445272962824717ab621c31fdeacf285c87d9805246663fbd1d9aaa175ebbe8,1630828152,2021-09-05 07:49:12,Bought,0x018593a5f56066deebbe58d886b9910c15923d92,Async Art,2208,721,1,0.19 ETH ($750.94),OpenSea
81,0xa45994d63734d3ec1a60c99d122e191eebac4d0e303d07cd6de36404124e6f5a,1630828451,2021-09-05 07:54:11,Bought,0x2378d2cb86db464bdaa7f481ade37b191df2a3ff,Async Art,2086,721,1,"0.435 ETH ($1,719.26)",OpenSea
82,0x3ec4622e744db75c689ba05bffba84b3d6e68d89e2c5d2ea7d7858e5e35a3069,1630847481,2021-09-05 13:11:21,Bought,0x5cb0bb0647a9f8583c41950ac4f4b74bcc6d04e5,Async Art,1359,721,1,0.25 ETH ($988.08),OpenSea
83,0xe0d0dd9ed51109de006262f0e9d05649980fcffa83ab91fb9c15030513f451f5,1630858613,2021-09-05 16:16:53,Bought,0xd90955b902b610711001d136bd449d19df9cdd22,Async Art,1360,721,1,0.25 ETH ($988.08),OpenSea
84,0x3d516d9119562e697884d780a155a01078316b89f618a29775c28181fbcd4aa1,1630859614,2021-09-05 16:33:34,Bought,0xc228593b047c1fe01f2df5eb31478235b552c121,Async Art,1815,721,1,"0.3 ETH ($1,185.70)",OpenSea
85,0x6fe1175494bc58d13a7e41769803c820f8c2087c1977c6d14f82ae3482d9781c,1630861129,2021-09-05 16:58:49,Bid Won,0x035765fee26772b76cb03f5a7c198b3ccb97a5b5,Async Art,2373,721,1,0.138 WETH ($545.42),OpenSea
86,0x25a56949172bdd7835ccad2578dd52313037e414640a4485373591a5d1b61108,1630864382,2021-09-05 17:53:02,Bid Won,0x035765fee26772b76cb03f5a7c198b3ccb97a5b5,Async Art,1741,721,1,0.138 WETH ($545.42),OpenSea
87,0x9c2a048b479a3945ef89c855dc2772b25349629c4e59cc6cb8e144270ab52bc6,1630864605,2021-09-05 17:56:45,Bid Won,0x035765fee26772b76cb03f5a7c198b3ccb97a5b5,Async Art,1742,721,1,0.138 WETH ($545.42),OpenSea
88,0x640c62c1b5f162952d598d004117ad18b4c706c39ae2fdaab0de0293ad6a73d6,1630865208,2021-09-05 18:06:48,Bought,0xdb86848c3e7fa88dd274ad28b826a8ba963af24c,Async Art,2036,721,1,0.15 ETH ($592.85),OpenSea
89,0x33691e164a8b94acec31fb979ec59ef9df5e9d88d60a966a3e30eb9e243b3917,1630865260,2021-09-05 18:07:40,Bid Won,0x035765fee26772b76cb03f5a7c198b3ccb97a5b5,Async Art,2794,721,1,0.138 WETH ($545.42),OpenSea
90,0xf998266a6fa433220cc20967223ecdfab62140113a7d46f2f32b82d4f77bcc73,1630865351,2021-09-05 18:09:11,Bought,0x640a3201ea8c6a0ff0319fd487eb4ec057a84fef,Async Art,1994,721,1,0.139 ETH ($549.37),OpenSea
91,0x80a8903a8b5f69aef5274caf0d93c070cf3e107e30217c4b1b75fcbd6fb685a6,1630865795,2021-09-05 18:16:35,Bought,0x640a3201ea8c6a0ff0319fd487eb4ec057a84fef,Async Art,2074,721,1,0.159 ETH ($628.42),OpenSea
92,0x37d11e1ef50e93573ce47e39774a5f862c4ecd475ece3d30395eee17416116fe,1630866066,2021-09-05 18:21:06,Bid Won,0x035765fee26772b76cb03f5a7c198b3ccb97a5b5,Async Art,2396,721,1,0.138 WETH ($545.42),OpenSea
93,0x3fa859f712454a8427843595e975b6eb0364a5822c991cf0c0e0d46e89b157db,1630884659,2021-09-05 23:30:59,Bought,0xef3ebf106f21b406d80154c1cf2b05214853e9d2,Async Art,2402,721,1,0.12 ETH ($474.28),OpenSea
94,0xd12eef5e5ebaffab78a731ac4066256d184214c869486d098a4904912e6a471d,1630909282,2021-09-06 06:21:22,Bought,0x2378d2cb86db464bdaa7f481ade37b191df2a3ff,Async Art,2373,721,1,0.14 ETH ($549.98),OpenSea
95,0xd1965b344e360790d63c0f47902653ea3c6196a114bc5d6e695a055e79aec201,1630909536,2021-09-06 06:25:36,Bought,0x2378d2cb86db464bdaa7f481ade37b191df2a3ff,Async Art,2208,721,1,"0.333 ETH ($1,308.16)",OpenSea
96,0xb78c881a84480d8d56a36e8394ac717c51f69696f21aa39575dfbdf8bd21e86b,1630919176,2021-09-06 09:06:16,Bought,0xe22059d454c705f70ffe2a5706844a3a27a2bec8,Async Art,2794,721,1,0.11 ETH ($432.12),OpenSea
97,0xe6732345a50d200c1ba8b39aa24a42376f1ec536cea74207b51582adc281fc4a,1630919716,2021-09-06 09:15:16,Bought,0xe22059d454c705f70ffe2a5706844a3a27a2bec8,Async Art,2960,721,1,0.15 ETH ($589.26),OpenSea
98,0xe898c70c67b27433b88c3027e1fd4c55ce1324b444b1a2326585b6f01d2212c6,1631004932,2021-09-07 08:55:32,Bought,0xdfc7192920825d2aa569a6ec65b58fc159c98c6b,Async Art,1994,721,1,0.07 ETH ($240.34),OpenSea
99,0xc1dc7d694dfe2c22a030b822477aa768c9d22bdc7371846bd1256ad3848c00d8,1631088911,2021-09-08 08:15:11,Bought,0xb9a7329e124edb947255e58df434d4b495def0e9,Async Art,2396,721,1,0.06 ETH ($209.98),OpenSea
100,0x79766420dd403d8087d2fb14fbc1b4cdaaf115bc3875df0ef0b12b1fa242aa51,1631106908,2021-09-08 13:15:08,Bought,0x2297e56947ab73066406720bbf2c8e63835ec75a,Async Art,2264,721,1,0.07 ETH ($244.98),OpenSea
101,0x116820eabcb9186e153027b278207c735cb550b8c82e11db531f39fc45185412,1631324921,2021-09-11 01:48:41,Bought,0xc68fa88db5888a909d1127ca7f57dd13300eef5f,Async Art,1742,721,1,0.055 ETH ($179.65),OpenSea
102,0xf22f4f62712c2c3a563a79099630f452d2cf33d27cfcff94f30cb8e010f408d2,1631336879,2021-09-11 05:07:59,Bought,0x09c4fa6be0b330db2f60d0b0b15028f9d76b9cf6,Async Art,1741,721,1,0.055 ETH ($179.65),OpenSea
103,0x82a7e01478e1488206123d55476f19a5dec38156a57f085ea4c10b5df14087e6,1631349552,2021-09-11 08:39:12,Bid Won,0xccd44e68ca6836ca296d6052cde58913fd2bbd8c,Async Art,2862,721,1,0.075 WETH ($244.98),OpenSea
104,0x71f84b0ac4f742ca1fba1057f45998dc48955a9966e4ea7bf810b7d045884917,1631354242,2021-09-11 09:57:22,Bid Won,0x710daaebdc8de1d44ad5aaab913870c8ed6dc8f9,Async Art,2202,721,1,0.1 WETH ($326.64),OpenSea
105,0x966aaef0b17ffef3578a9149115b4fe002e2ff829ca8a501f3d11452dd7d6f14,1631588928,2021-09-14 03:08:48,Bought,0x0f0eae91990140c560d4156db4f00c854dc8f09e,Async Art,1254,721,1,"0.9 ETH ($3,092.45)",OpenSea
106,0x108dc07304c9b61e8ba3883bd7fa56f2a37a82b68487c2c7f71ee4b51f7efef6,1631634790,2021-09-14 15:53:10,Bought,0x2e419a06feb47d5f640636a55a814757fa10edf9,Async Art,2074,721,1,0.07 ETH ($240.52),OpenSea
107,0x79663486f5f38917a8497269aca257e530aaa96a96241bfe7e941a78803cb804,1631658893,2021-09-14 22:34:53,Bought,0xec47cf1fd6c3b5e54785809e819ab53ce8a55506,Async Art,1934,721,1,0.15 ETH ($515.41),OpenSea
108,0xe5f245467dad832ebd2f94233540b29ac901ec5c8710e938dd3069b2c6de6137,1631696761,2021-09-15 09:06:01,Bought,0x80f9fdb55c0dd9f247e4f88c520ad035e26a9a82,Async Art,3385,721,1,0.085 ETH ($307.29),OpenSea
109,0x7e5dacf8d42d3d425206952ea04bb3e7d44348bc03c831fdfceaec6cc5571e58,1631708943,2021-09-15 12:29:03,Bought,0xf3d833d78457ad429bde443728f2b4f312ece1f4,Async Art,1994,721,1,0.2 ETH ($723.04),OpenSea
110,0xa7bc6f03afdb546c2b5405316ced257a8d319fc911c98006a532c9278df814bf,1631749288,2021-09-15 23:41:28,Bought,0x2378d2cb86db464bdaa7f481ade37b191df2a3ff,Async Art,3398,721,1,0.1 ETH ($361.52),OpenSea
111,0x0f2c1c2d0a47009c0ef95e36b1df817ff7e6f752b114a54ea5a0b818b9c2ffe2,1631852780,2021-09-17 04:26:20,Bid Won,0xfeb9a1ffaa568096fb7d4c388d2117f34be12264,Async Art,3394,721,1,0.08 WETH ($271.91),OpenSea
112,0x6f37a89936b98bc61e8b6f8f79f129c5a697b7d86ab3a3d61ff4b7c40e251c44,1632050655,2021-09-19 11:24:15,Bid Won,0xccd44e68ca6836ca296d6052cde58913fd2bbd8c,Async Art,2861,721,1,0.05 WETH ($166.44),OpenSea
113,0xb8facad24f5fbf28733185f2750ccb919f1af48f0ebb4ae7428ad7e475328734,1632126097,2021-09-20 08:21:37,Bid Won,0x776d2b96d57d5f90206b2af5cd7d300de2ed971c,Async Art,2825,721,1,0.11 WETH ($326.32),OpenSea
114,0xd09ca5d057fb2fece44e4caa5281e237badcc21af3d46e5efe17d5e49b6d7a45,1632247387,2021-09-21 18:03:07,Bought,0xc30f65d7205166facd905019b91433b7bf7cdf1f,Async Art,2335,721,1,"5 ETH ($13,801.00)",OpenSea
115,0xc8e2fa50331579f2a10b80e419dc6d05d27a1553228570318a69c07f2f1a1348,1632273790,2021-09-22 01:23:10,Bought,0xea704d7c14d0073c5548ed19b73bfd060a618079,Async Art,3385,721,1,0.07 ETH ($215.52),OpenSea
116,0x4a390d0df81a02b946f10e3bd517c24b32e7bd79f98b3f1a45945b41075a6475,1632408798,2021-09-23 14:53:18,Bought,0xb69f990465421d2d3cad336eb70cf1609b0c2157,Async Art,3083,721,1,0.15 ETH ($473.19),OpenSea
117,0x6a850a3043205fcc27553e3a487fd0b00b9294f689f89a37cbde92f4a0cd6b9e,1632608191,2021-09-25 22:16:31,Bought,0xd8d29882569f5a6b135f805b521d9f8496a90c12,Async Art,3059,721,1,0.1 ETH ($292.53),OpenSea
118,0xfa635876efcd86f392aa55ed15104179d7c58ac382fed16f9d83d39ff79d0cf8,1632707746,2021-09-27 01:55:46,Bought,0xe116d5f4ccd817e93a4827b4b1166fb3fa61bec5,Async Art,2621,721,1,0.02 ETH ($58.55),OpenSea
119,0x2fc69f0f0b585b39d482031b26a2c4945caacfb942c27154b4af40ed046cebdf,1633689028,2021-10-08 10:30:28,Bid Won,0x48ea5f638f1383270b05541761163a1585988a7a,Async Art,2071,721,1,0.1 WETH ($356.28),OpenSea
120,0xf2109565919a5442ebe47bff59bf79d6f9de9e770aac45c0de84231cfdfb1bc6,1633775023,2021-10-09 10:23:43,Bought,0xd71c552a4954673a30893bf1db0a77f1afa1accd,Async Art,3059,721,1,0.055 ETH ($196.70),OpenSea
121,0x7a8d615f3839ff265778d21e01f4bb4aca21035ff59e31aca1a97d91f75f11c5,1634016133,2021-10-12 05:22:13,Bought,0xb8a1e33f2a5d78225639eb3283ea0a11a178225b,Async Art,2959,721,1,0.1 ETH ($349.06),OpenSea
122,0xd523723983574791081007fcad16bcde66051b2a6175b7bce9b6ebaf7fd96ed9,1634090102,2021-10-13 01:55:02,Bought,0x3a842f600314a89eac33191a6836de9f265fa417,Async Art,2024,721,1,0.099 ETH ($357.15),OpenSea
123,0x09cfe3c375047c9fafc015e684c8ef1ffc0d525942c6b403b91bd34459228ef1,1634139701,2021-10-13 15:41:41,Bought,0xd7cdb08eadd3d730540817a348b62d15bf45df10,Async Art,2195,721,1,"8.5 ETH ($30,664.18)",OpenSea
124,0x48a53219df636b9252c9258b20e56a7e8ef0fcaf29770e6555193aac04fd6e29,1634213374,2021-10-14 12:09:34,Bid Won,0x7d6d4c6b7988f395c93d6df2648822ac014a5cf8,Async Art,2093,721,1,0.2 WETH ($758.25),OpenSea
125,0xf97bf8fe08461398b845d1f8aadcdfabeb6b945e7e76761d951ff3c3ab4e3bcf,1634213540,2021-10-14 12:12:20,Bought,0xc2b46c60afe93cda3855f67fcda6d6844723ddb8,Async Art,2203,721,1,0.099 ETH ($375.33),OpenSea
126,0xda5ebbaa91607b72445590cea9b909aada82a4c2fe6130b173ff9428bcade7fc,1634213540,2021-10-14 12:12:20,Bought,0xc2b46c60afe93cda3855f67fcda6d6844723ddb8,Async Art,3428,721,1,0.1 ETH ($379.12),OpenSea
127,0x315dccba15133f7bd759b4c7fa70984a834f54fcff2f77202b58caf4d51ce6a3,1634213540,2021-10-14 12:12:20,Bought,0xc2b46c60afe93cda3855f67fcda6d6844723ddb8,Async Art,3290,721,1,0.1 ETH ($379.12),OpenSea
128,0x3a39ffd12b7e65b9eca769399e66cfb3cef9c5f57e05ade5a75bcd9ad7f48bd9,1634213540,2021-10-14 12:12:20,Bought,0xc2b46c60afe93cda3855f67fcda6d6844723ddb8,Async Art,3446,721,1,0.1 ETH ($379.12),OpenSea
129,0x9ef35b2cead905c75b00cb8663cd4e28c7711fb060f0b3f94cff8ecefcb94910,1634334911,2021-10-15 21:55:11,Bid Won,0x7d6d4c6b7988f395c93d6df2648822ac014a5cf8,Async Art,3659,721,1,0.1 WETH ($386.82),OpenSea
130,0x3b5b17219d859d32ef293c2393a3222e31e46276efbbda0025f27de48203eae6,1634425322,2021-10-16 23:02:02,Bought,0x00a8bec03805bcfaafab1050dbcf90f57982d750,Async Art,3884,721,1,0.15 ETH ($574.44),OpenSea
131,0xed02b68744dd19c3fae1f18c257b7ece7daf6a418d2ef712589be75b487a0498,1634564884,2021-10-18 13:48:04,Bid Won,0x7d6d4c6b7988f395c93d6df2648822ac014a5cf8,Async Art,3509,721,1,0.065 WETH ($243.50),OpenSea
132,0x72888553e1c3e80888c080d2456005737d1a18eff2be98c88b420cc74eaee2cc,1634566265,2021-10-18 14:11:05,Bid Won,0x5e1b144452848348e2893e0e5dc27826f0cb7ea8,Async Art,2760,721,1,0.05 WETH ($187.31),OpenSea
133,0x4512f4113784c357b40dd6f72844a927014d2761bf115b70b1570d68dbae0e13,1634675294,2021-10-19 20:28:14,Bought,0x3a23b10845e911b6944d9dc2f1f480fca3af35d6,Async Art,3299,721,1,0 ETH ,OpenSea
134,0xd0e28f77c88d989c614490d8b15539b95ffd42bf556bd038fbe59ac4946bf4bc,1634754381,2021-10-20 18:26:21,Bought,0x9f6e3b2c493a2aae059139a2a54be202abf7b544,Async Art,2862,721,1,0.05 ETH ($208.12),OpenSea
135,0xed16eaa2a0d6e2a0682e2c58531a7bed9714cad4126df5c9263555f5779b30b3,1634799495,2021-10-21 06:58:15,Bid Won,0x8e65d9f00dd22025920d5e80785532dce8c689dc,Async Art,3214,721,1,0.055 WETH ($223.45),OpenSea
136,0xd52cbb379ffb7f7faee8b50dc97b07c11f38a5d20d9add4b715b75b0fad4448b,1635027665,2021-10-23 22:21:05,Bought,0xf6310f1e0131cef7983289a570bed9f4a6397939,Async Art,2864,721,1,0.05 ETH ($208.45),OpenSea
137,0x1664d6f8e97204aafdaedc0d54f4b9e4b4c0765a7b2ff182dd396cce717600b7,1635028806,2021-10-23 22:40:06,Bought,0xfa071dcf1fa4e777a9fabfb6383fb54e73b9d545,Async Art,2862,721,1,0.052 ETH ($216.79),OpenSea
138,0xae3ea75d4bc1caf7ffb35a78a87ae6431d3e85d12cc36d3eb3e9e329f95faeac,1635148388,2021-10-25 07:53:08,Bought,0xf7229519d48cadd0748d54c15df8e6434aa66cbc,Async Art,2786,721,1,"2.1 ETH ($8,862.55)",OpenSea
139,0x6d50f54a27031f840a80276a2b45f5a215f119897a37133a3e148e8afa38de29,1635227643,2021-10-26 05:54:03,Bought,0x694e64d4ad77e0c234b7b1c55ac40302ad86ce3f,Async Art,3094,721,1,0.147 ETH ($607.10),OpenSea
140,0x0975a19e0984bc0b8f29c00244edfabc7aed7edabc7e0633fac4163a97f1912b,1635942041,2021-11-03 12:20:41,Bought,0xd8f390ae77bb8bf931710bdc3e73ca594088f36d,Async Art,2038,721,1,0.08 ETH ($368.35),OpenSea
141,0x49cb80abab2a52e8d7b53f363a22dfb5bf4866a24caa40911898490252665c17,1636233530,2021-11-06 21:18:50,Bid Won,0x78aa8a1a8889c9e0daf80e3e181c404c0cd34a99,Async Art,1620,721,1,0.1 WETH ($452.14),OpenSea
142,0x816e71e8188c1c58a9532b81df65effe167ccf982ca5320970380f8dc899b347,1637023837,2021-11-16 00:50:37,Bought,0xe1ff7d894b598c8e6f4ab4a834048ae2b12a145b,Async Art,2861,721,1,0.05 ETH ($210.51),OpenSea
143,0x305f3cf13e8e97ac777d59e3d2c9875503b2b72b15b6a744971c7b75fd3f7b2a,1637865136,2021-11-25 18:32:16,Bought,0xb3ab08e50adaf5d17b4ed045e660a5094a83bc01,Async Art,431,721,1,"2 ETH ($9,047.60)",OpenSea
144,0x82f75a384588483247ad84e96f01274c134e11c56a2d24eac4805b68b1b54b5c,1638951554,2021-12-08 08:19:14,Bought,0x184c7e34b75e3a0c5b996917319d9a083de621e9,Async Art,429,721,1,"2.5 ETH ($11,099.95)",OpenSea
145,0xbb974ccb6806f9195ea77e5d3731c8d172737b69eb2db467cac9f2edd0f19d91,1638986589,2021-12-08 18:03:09,Bought,0x76554ca442931e8f82a6bdebf599a62a01ff1d6d,Async Art,3017,721,1,0.03 ETH ($133.20),OpenSea
146,0xa6755f70ec919f987b9876739f5c3e27d2d8f4be2dc54955bbca259f14968672,1638991689,2021-12-08 19:28:09,Bought,0x76554ca442931e8f82a6bdebf599a62a01ff1d6d,Async Art,3016,721,1,0.03 ETH ($133.20),OpenSea
147,0xf00ccd9c3ac504c5961e2d069883127b4c078bfae78f0616f3efa35227551965,1639212115,2021-12-11 08:41:55,Bid Won,0x3a19800b2eed1781789037dee2f63ef3918dc36f,Async Art,2101,721,1,0.09 WETH ($367.98),OpenSea
148,0xa5b8337eeae71cdec6280efe31d0aa4c2f7e3942bc2f604f673cb5adf9e58946,1639429448,2021-12-13 21:04:08,Bought,0x7a70536c4d695b1ec9df972e91461e834bfb00e8,Async Art,3400,721,1,0.17 ETH ($643.46),OpenSea
149,0xbe7f5f464bfafa488c186e398426078fad34be51b1f4f8280b1e7cfd8b49b4da,1639508494,2021-12-14 19:01:34,Bought,0xe04885c3f1419c6e8495c33bdcf5f8387cd88846,Async Art,2641,721,1,0.15 ETH ($579.33),OpenSea
150,0x3821e8e0fa2122fc4fd98cab0e32bd351af04f53f2957f0f58e24fb1723fda70,1639508494,2021-12-14 19:01:34,Bought,0xe04885c3f1419c6e8495c33bdcf5f8387cd88846,Async Art,3841,721,1,0.14 ETH ($540.71),OpenSea
151,0x290f93a8b8c1ce9cb24634f7c6f25cb9c2125bdee36feafd4fc490e027050d59,1639509427,2021-12-14 19:17:07,Bought,0xe04885c3f1419c6e8495c33bdcf5f8387cd88846,Async Art,1741,721,1,0.098 ETH ($378.49),OpenSea
152,0x041636a6c90bc5c803b5a04c4fd280d5ebd60b9b5c6edfb3c6400b76a7aa9526,1639509905,2021-12-14 19:25:05,Bought,0xe04885c3f1419c6e8495c33bdcf5f8387cd88846,Async Art,2250,721,1,0.1 ETH ($386.22),OpenSea
153,0xc16d758b4eb212ba24180e97dd6f61ec3cd4d785b2a8e100800edc413617debe,1639575694,2021-12-15 13:41:34,Bid Won,0xd3aefe3c531e3e2eb0689206e7d495843c943550,Async Art,1954,721,1,0.1 WETH ($402.02),OpenSea
154,0x06b2856cf952bd0935428ac55a9e5502aa4c27f7247536bde1059bbc98ee6007,1639575694,2021-12-15 13:41:34,Bid Won,0xd3aefe3c531e3e2eb0689206e7d495843c943550,Async Art,1953,721,1,0.1 WETH ($402.02),OpenSea
155,0x2a403417c6c470f25cd9ec4fb75e89f773452d9ed7346806c492f7adeb9579f9,1639759871,2021-12-17 16:51:11,Bought,0xef4543b0cd207e0ba5a34ca5a40890cb27490e9f,Async Art,2864,721,1,0.04 ETH ($155.05),OpenSea
156,0x595070f80afeba7948dfe9001ae2d16c0229660107e07ae99d8379d5e08f2b5f,1639978129,2021-12-20 05:28:49,Bid Won,0x26a2186801efb2709fd20d5942016b2924c39097,Async Art,4498,721,1,0.22 WETH ($868.03),OpenSea
157,0xfe8d63d5b0d83cbe3711988a0f035927d39720cdad7db09bd8cc83241c91dfc0,1640029246,2021-12-20 19:40:46,Bought,0x9d8bcabd07139ce555ca6bdc574d9f42701f89a8,Async Art,3030,721,1,0.05 ETH ($197.28),OpenSea
158,0x437581cd647649028fa672c5227ddee91109e1899e90ca37d5a7baeabe9eca99,1640029267,2021-12-20 19:41:07,Bought,0x9d8bcabd07139ce555ca6bdc574d9f42701f89a8,Async Art,3028,721,1,0.05 ETH ($197.28),OpenSea
159,0x47e959b872d8a9d7b87daf5c0318f5ee8612d06321bb7575d87bd436ae022d9b,1640398222,2021-12-25 02:10:22,Bought,0x1f1c0cfc79d9f10b2c47e3b845f7f05bbabb9d12,Async Art,3023,721,1,0.05 ETH ($205.46),OpenSea
160,0xa4bd9c03bddfbba7db6a80767528c77dd189093e4c280c097381f8b247ed7e07,1640982111,2021-12-31 20:21:51,Bought,0xba06d8a2ce9a254a1dafd0a5390cde80c629ddb6,Async Art,3295,721,1,0.1 ETH ($367.58),OpenSea
161,0x032c974c3cf11f9d83cddb8b1fdc567fbd560c8bffb28a136437fec6e49d7443,1640983376,2021-12-31 20:42:56,Bought,0xba06d8a2ce9a254a1dafd0a5390cde80c629ddb6,Async Art,3012,721,1,0.05 ETH ($183.79),OpenSea
162,0xd5f53d8285c756902a6bff1883303af66e8ce842900cd68862568c6dd36f213c,1640983412,2021-12-31 20:43:32,Bought,0xba06d8a2ce9a254a1dafd0a5390cde80c629ddb6,Async Art,2864,721,1,0.1 ETH ($367.58),OpenSea
163,0x75a556f403b128e71a8fc3849fb57ff6aa6b260296a4f2c3ab41e98295a58408,1640983541,2021-12-31 20:45:41,Bought,0xba06d8a2ce9a254a1dafd0a5390cde80c629ddb6,Async Art,3999,721,1,0.1 ETH ($367.58),OpenSea
164,0x73793829e5666052f3d8887b242a7c68ffb0318f8a5ee0e0d47ab17ab2020434,1641743615,2022-01-09 15:53:35,Bought,0xbd064fb735364e7e29e61b5b92f49eed16a344e6,Async Art,3840,721,1,0.3 ETH ($945.25),OpenSea
165,0xa6e17a9dceef4755ee8d615f48133053edba68c6c52e3199309ea1ea2422d121,1641910571,2022-01-11 14:16:11,Bought,0x3b0880ada61f90e7cbdf3db3777aeccedbae9ed4,Async Art,2825,721,1,0.151158693203822989 ETH ($489.80),OpenSea
166,0x07cff5a2571944657cc8aa7d75b13eb5fd684868963e38979490ec7201489d16,1642364528,2022-01-16 20:22:08,Bought,0xa8bafc88e36ba1223dff19452309f96e1b351e67,Async Art,4643,721,1,0.25 ETH ($837.40),OpenSea
167,0x226d28033f1ba7cf1c9ced8ed70672b17f4f6c0a753989a9ba8635d600a6b972,1643138009,2022-01-25 19:13:29,Bought,0x6c4aec6c0593e58992dd757df3eb8a7e78d29170,Async Art,408,721,1,"3 ETH ($7,378.95)",OpenSea
168,0x4a4515dfb20f5e91d28fcfee5c9ba05527caf73511632b6284e702c2df29be39,1643184690,2022-01-26 08:11:30,Bought,0xadbe7d8e48bb5b27bdf1f878cf16d14ad833dfb1,Async Art,3358,721,1,0.03 ETH ($73.92),OpenSea
169,0x3575c5bfae1834313a9e3e6fa4d4d3f5329ee0a556efa1df3f68da6da7faa1a2,1643287235,2022-01-27 12:40:35,Bid Won,0xd21e6337965c79384478b94f2d690f8b212a3167,Async Art,4555,721,1,0.2 WETH ($485.17),OpenSea
170,0x60d7484ff05c82b73dc9dc8328274101c3a7845b09b4fc7aca605887c7c7a683,1643444344,2022-01-29 08:19:04,Bid Won,0xf246fb7dde5a0e606723e79f265184e1b0f9f5ee,Async Art,4676,721,1,0.17 WETH ($442.53),OpenSea
171,0x8debdb49bc84bdec279ecb0d6402281f6ef774290bb139e2bc92b53d88298e06,1644235385,2022-02-07 12:03:05,Bid Won,0xb64a8b4958b0b6ed34bac93de8d927ac7c67a8c1,Async Art,4777,721,1,0.3 WETH ($942.41),OpenSea
172,0x455f08eb1fde900e212d7367de203d3efbf554e9c2343dbd2e82ea78a07c4677,1645621663,2022-02-23 13:07:43,Bid Won,0xf246fb7dde5a0e606723e79f265184e1b0f9f5ee,Async Art,4695,721,1,0.15 WETH ($387.15),OpenSea
173,0xb702aed3257ce88b91a5ae0a5176144f006a400a148f4e964c5b21294a05ca28,1646507166,2022-03-05 19:06:06,Bought,0xe8215fb1e2ac8bf9b941803edfb265d6c04ae799,Async Art,3811,721,1,0.1 ETH ($266.62),OpenSea
174,0x287ffd8f57a918d290bd11014069ead0e43b4a90de2d4194c8a106d57e0efb2a,1646507211,2022-03-05 19:06:51,Bought,0xe8215fb1e2ac8bf9b941803edfb265d6c04ae799,Async Art,4624,721,1,0.15 ETH ($399.93),OpenSea
175,0x6ccd0fb036a0a8e490b1cfe391fdddc3ec1d488ec6bd66e1a8693f28b1c9e0e2,1646507310,2022-03-05 19:08:30,Bought,0xe8215fb1e2ac8bf9b941803edfb265d6c04ae799,Async Art,2639,721,1,0.1 ETH ($266.62),OpenSea
176,0x0947e531eae21d166d61895df686b334f2d2a78816f12d6b3b3b5e1fe2e25ec6,1647232995,2022-03-14 04:43:15,Bought,0xbd1894de129abf44e4181edbc3a12676e8a150a4,Async Art,4536,721,1,0.14 ETH ($362.80),OpenSea
177,0x7d81e744ed09fbe2f4b3a46f964f99aea182a2ae957557b4bf69b48b81ac7a6e,1647283135,2022-03-14 18:38:55,Bought,0x838a3bacec768bbd5c6cba95172db625434b8e31,Async Art,5124,721,1,0.15 ETH ($388.72),OpenSea
178,0xc1ba243ea48115254a0d8b78fb05517572e99d49fdb2b9fdea4157857fa539ad,1647283278,2022-03-14 18:41:18,Bought,0x838a3bacec768bbd5c6cba95172db625434b8e31,Async Art,5123,721,1,0.15 ETH ($388.72),OpenSea
179,0x98aae9e55387bc4809e9e1bb4b5dd0dde53e8a1ce173a0a4862dc5a566993d96,1647284559,2022-03-14 19:02:39,Bought,0x838a3bacec768bbd5c6cba95172db625434b8e31,Async Art,5095,721,1,0.2 ETH ($518.29),OpenSea
180,0x2b9bbea2098c76e65196875fd52b19ad90678e72b911b207ba3865cbc8cf1c7f,1647373472,2022-03-15 19:44:32,Bought,0xc176c57c79d2ac7821b24de7fcc0f58fce9e1ad6,Async Art,4419,721,1,0.1 ETH ($261.96),OpenSea
181,0xb0d7548f996a47a604e7bb80cce3be8fc042624f7ac9bcd198049dade93d42fa,1647546689,2022-03-17 19:51:29,Bought,0xebb8fede7ea81c8454978805c0a489ae01fb0552,Async Art,3130,721,1,0.25 ETH ($704.07),OpenSea
182,0xec54f38948b890959776dc33928807ba99f408150c1ce235d4196f1444946d1e,1648450973,2022-03-28 07:02:53,Bought,0xbec7c55760b2927d81e70d3a91a064ddc5f54683,Async Art,4544,721,1,0.2 ETH ($666.86),OpenSea
183,0x19de3243066c807212400182ecc8069f3cd9ef576f9ddda72f1e254560f299b6,1649260172,2022-04-06 15:49:32,Bid Won,0xbc6612b9818f1ee26ba9ce94b01fd6567ab4e619,Async Art,408,721,1,"1 WETH ($3,168.91)",OpenSea
184,0x3237e41170d8d570f6621e7104e1d2c4160eaffddd7752b354dbae31661ceb19,1649266447,2022-04-06 17:34:07,Bought,0xf907665e210ddeac7d75042ca95b4da712f52b2f,Async Art,1989,721,1,0.01 ETH ($31.69),OpenSea
185,0x0d2096737d7e53315487ec8ba1baaa8cc50ffbae6187e91560bb8ea343de145f,1654843481,2022-06-10 06:44:41,Bought,0x0fe9d683af4e50dd5b7e35c496e12f37c95a0e4d,Async Art,3400,721,1,0.016 ETH ($26.58),OpenSea
186,0xe5713035bcc625de5d13cf5a49eea2eaf32fbc3f952716e9e72663e0f0dfd1c7,1657384965,2022-07-09 16:42:45,Bought,0x3591505830729444396282333030915088405814,Async Art,1621,721,1,0.045 ETH ($54.74),OpenSea
187,0x3266f0e6c5dfe1ee2fac45c0ff62b7294c4d37374a846f77485e60de2a855e92,1657931046,2022-07-16 00:24:06,Bought,0xe59bdb25cb174e6e049b574428467200e8f369c5,Async Art,3737,721,1,0.1 ETH ($135.63),OpenSea
188,0xa81cc6d983bf73d93271823eb314277f2a953b446cc374652855c50ed429701c,1658196888,2022-07-19 02:14:48,Bought,0x2fb40b6533ad0e9d297342fda6fe21737512d74e,Async Art,3343,721,1,0.1 WETH ($154.31),OpenSea
189,0x77c1dc083a1a4f6814efc5afb3d18b1b474e88259490439bd4cfc95a0fd2891d,1658669655,2022-07-24 13:34:15,Bought,0x4951777057519281704651427300662674107082,Async Art,3400,721,1,0.02 ETH ($31.95),OpenSea
190,0xb8488bdd62d159a02ef7957b328f87a1ad2bef92df26904c5096ec90226b6bac,1659827698,2022-08-06 23:14:58,Bought,0x9971260931989314102795735828569656830666,Async Art,5776,721,1,0.036 ETH ($60.86),OpenSea
191,0x6b62405e2a10aff1e086fc1ae223d850160e72e36b0bae47ce5c1ec9d51e9891,1660923561,2022-08-19 15:39:21,Bought,0xa2af28e6dda77dddd89eb43a1e8d31e9d323f67a,Async Art,1930,721,1,0.01 ETH ($16.09),OpenSea
192,0x57c3db82242718f4a75347ea839fd7638e4d0ae0d90137a42aab0a211deadeda,1661013645,2022-08-20 16:40:45,Bought,0xbfc9f6c46715755e2ee8b01f20ab36d22cb4ad4f,Async Art,158,721,1,0 ETH ,OpenSea
193,0x85e44c9b8de1b9a6e9f5e40efe2fca8f7e7f73ac0256c9b31a53dbaf3c548601,1661014743,2022-08-20 16:59:03,Bought,0xbfc9f6c46715755e2ee8b01f20ab36d22cb4ad4f,Async Art,160,721,1,0 ETH ,OpenSea
194,0xa0ca73c2ad8951a2b00d458c87928aa260140fb132610242c8fc3fbfaf0a01f1,1661014799,2022-08-20 16:59:59,Bought,0xbfc9f6c46715755e2ee8b01f20ab36d22cb4ad4f,Async Art,244,721,1,0 ETH ,OpenSea
195,0x43b502258450135a06ca14d0234b4449e8b65a401acd204261234726b73fbbb1,1661022231,2022-08-20 19:03:51,Bought,0xbfc9f6c46715755e2ee8b01f20ab36d22cb4ad4f,Async Art,1135,721,1,0 ETH ,OpenSea
196,0x7a900e2561e24cc4837f3eebb3fa89bce8566edbb6e4dfc8cbeeff7c02781354,1661732171,2022-08-29 00:16:11,Bought,0x0659360122232229692507636405720219822794,Async Art,5069,721,1,0.05 ETH ($77.62),OpenSea
197,0x1de8b7cb03fe5e8f06007ca7c48077c09007c46a51f56646a1cc85b41e8ec202,1663459739,2022-09-18 00:08:59,Bought,0x4f9997213124846ed58215c13835d4a22e10e14a,Async Art,771,721,1,0.0075 ETH ($10.01),OpenSea
198,0x1de8b7cb03fe5e8f06007ca7c48077c09007c46a51f56646a1cc85b41e8ec202,1663459739,2022-09-18 00:08:59,Bought,0x4f9997213124846ed58215c13835d4a22e10e14a,Async Art,3441,721,1,0.0075 ETH ($10.01),OpenSea
199,0x7602302d96bef8119cababbcf1b3f317f0062cdf78d490db7dcb6eac65cdc37d,1663459955,2022-09-18 00:12:35,Bought,0x4f9997213124846ed58215c13835d4a22e10e14a,Async Art,770,721,1,0.007777777777777777 ETH ($10.38),OpenSea
